13487dcc-b2c8-3d53-9903-d4e4c245f069,Mrs.,Peter,Quigley,"51A Adams Mill",Marikina,Maasin,Wisconsin,Netherlands,369-771-572,054-557-434,"Rutherford, Towne and West",http://kertzmann.net/dolor-molestiae-minima-excepturi,Choreographer,aqua,2006-06-07,eva.doyle@jast.com,KoR6AG:@
46f619ec-2882-3faa-a913-98a8737ca903,Ms.,Chance,Yundt,"94 Fritsch Lakes",Bacolod,Talisay,"South Carolina",Argentina,654-619-879,454-702-272,"Strosin Inc",http://mcclure.com/,"Tractor-Trailer Truck Driver",maroon,1972-05-03,oswaldo24@boyer.com,gs]RywE`o<@0P
215ae517-bf55-343a-b1d4-d16b163fc52b,Mr.,Caesar,Roberts,"22A/58 Hermiston Ford Apt. 800",Cadiz,Pasay,Georgia,"Lao People's Democratic Republic",830-864-812,605-624-670,Ebert-Hackett,http://hane.com/iure-aliquam-repudiandae-provident-consequatur,"Petroleum Engineer",maroon,1972-11-24,fkrajcik@yahoo.com,e$*dq):F18tqk
8a3d05ca-ab38-32d5-94f2-3af4151a2558,Prof.,Destinee,Dibbert,"90A/22 Leffler Isle Suite 195",Escalante,"San Pedro",Michigan,Korea,512-353-210,380-229-653,"Braun Ltd",https://www.quigley.com/distinctio-vel-iure-deleniti-rerum-deleniti-nam,"Diamond Worker",silver,1995-12-31,jonathon.quitzon@gmail.com,"!Z?($oJ,tYlqGVh'$Ow"
e38ba6db-3b4a-3f08-8f43-c97383c8a222,Ms.,Filomena,Gottlieb,"46 Hahn Centers Apt. 179","Cotabato City",Imus,Colorado,Nepal,892-627-177,011-722-809,"Grant, Bednar and Kutch",http://wilderman.info/nihil-impedit-quos-ut-amet-perferendis-et-ut-dolore.html,"Respiratory Therapist",green,1995-09-18,kelvin32@gmail.com,qAT{*?uM$?mOGZ)xus
86472915-3950-3053-ac50-217b74748634,Prof.,Dina,McDermott,"84A Conroy Skyway","San Fernando",Silay,"New Jersey",Mayotte,490-389-519,104-036-538,Wyman-Collier,http://www.ankunding.org/ipsa-eum-ut-odio-molestiae-molestiae,"Plating Machine Operator",white,2010-09-08,jabernathy@purdy.com,"<9@LZy5,aP0jD~m>9>R"
c8119b5b-aaa5-30e7-93de-772fe399a9a0,Mrs.,Winnifred,Pacocha,"36 Quigley Wells",Roxas,"Quezon City",Arkansas,"Wallis and Futuna",941-248-135,837-770-108,"Maggio Inc",http://www.wisozk.biz/,Optometrist,green,1988-11-28,rolando.hand@keebler.org,q$|vyp:v(bNyE^~qD
bcde928a-99f7-32b0-98c8-a3a67e6a88d1,Dr.,Duncan,Toy,"05A Goldner Views","El Salvador",Tagum,Ohio,Honduras,844-695-781,526-036-094,"Hahn Group",http://www.cummerata.com/,"Explosives Expert",yellow,2020-09-08,precious39@medhurst.com,"v<W\Jmc"
cab0527a-335d-3f37-abb3-79e91098ce66,Ms.,Gabe,Pollich,"15A Cronin Lodge",Bacoor,"San Pedro",Oklahoma,"Puerto Rico",663-220-013,693-921-043,"Altenwerth and Sons",http://grady.com/vel-dolor-numquam-est-debitis,Maid,olive,2007-03-13,diana.waters@yahoo.com,n%/Ph#
6aef72ca-a529-3dc1-a41b-697dc1f95aaf,Mrs.,Jaylin,Wehner,"95A Becker Valley","San Fernando",Dasmariñas,Vermont,Ecuador,646-725-875,736-474-325,Breitenberg-Lowe,https://nienow.biz/enim-facilis-sapiente-eveniet-sit-ratione-quidem-recusandae-natus.html,"Music Director",olive,2004-03-17,carmine.friesen@swaniawski.com,E=Fb3=>6e{k*sBo
9ad4ea13-79ac-35ef-bf2a-d3ea8f9791ec,Ms.,Amelia,Ratke,"33 Weimann Stream","Davao City","San Jose del Monte",Wisconsin,"British Indian Ocean Territory (Chagos Archipelago)",434-459-478,328-285-900,Weber-Konopelski,http://abbott.com/nihil-pariatur-totam-pariatur-repellendus,"Production Planner",yellow,1989-04-12,toy40@larson.biz,mBAx.ck;o-D0
e8ac5c7a-59a7-3ab7-83a5-10838c117afd,Mr.,Alexie,Parker,"13/35 Anderson Gardens Suite 269",Sipalay,Valenzuela,Mississippi,"Antigua and Barbuda",957-296-462,620-646-273,Jacobs-McKenzie,http://www.schultz.net/soluta-voluptas-sed-magni-voluptates-et-qui-delectus,"Precious Stone Worker",yellow,1971-01-10,prohaska.laurence@hotmail.com,`D57PNMR-aKY2p%epCv
2b710902-3476-32d5-8e08-5c6aca6d8d36,Mr.,Pearline,Prosacco,"06A Parisian Skyway Suite 579",Talisay,"Sorsogon City","New York",Indonesia,708-851-228,003-435-830,"Feest PLC",https://cummerata.com/quia-in-est-qui-omnis-odio-et.html,"Event Planner",lime,1975-02-09,sarina74@hotmail.com,1U^lU[z(R{~=kcwgL_((
3d3851cb-a4d8-3096-8ded-a1eb907ccb09,Mrs.,Payton,McDermott,"61/60 Parker Corner Suite 954",Angeles,"San Fernando",Utah,Azerbaijan,649-610-553,644-135-519,"Herzog Inc",https://www.lowe.com/mollitia-natus-earum-aliquid-et-omnis,"Deburring Machine Operator",gray,2018-11-01,yreinger@gmail.com,"N=K~ixI`D{,@"
e4228067-df57-3711-85e0-95bc3887f611,Mr.,Laury,O'Kon,"27/76 Hickle Hills Apt. 458",Muñoz,Cabuyao,Delaware,Panama,270-217-749,818-657-233,"Willms PLC",http://www.reichert.com/labore-omnis-dolor-eius,Healthcare,purple,1998-10-03,daphne.krajcik@hotmail.com,AYPjSLV6n&<((Q3vj
b0ae1e38-d4b2-3e14-bbf7-678d18f33c24,Miss,Ross,Windler,"54A/37 Ankunding Trail",Dumaguete,Tabaco,Michigan,Ethiopia,033-128-496,464-262-660,Skiles-Bergstrom,https://www.terry.com/ad-inventore-quam-cum-possimus,Admin,gray,2016-10-16,lortiz@nikolaus.com,ZR{{vV
8dd339c5-de7d-3f27-a5c6-850652599dd2,Miss,Lessie,Walsh,"39A/46 Purdy Lake Suite 750",Silay,"Iloilo City",Georgia,Serbia,062-748-769,417-777-805,"Rippin, Toy and Hill",https://pacocha.com/sit-ullam-voluptate-vitae-provident-sed-quidem-et.html,Pharmacist,teal,2024-08-05,fcrooks@klocko.org,5nH3%75(wY
a3904f0f-2561-3b49-844b-744959348934,Mr.,Alysson,Lynch,"39 Bins Prairie",Valenzuela,Danao,"West Virginia",Tajikistan,736-517-065,034-752-484,Murazik-Adams,http://zieme.com/tenetur-optio-ut-et-eveniet-cum,"Metal Worker",blue,1990-12-05,pollich.candida@yahoo.com,"\o@=Vk0[PR!8|x+S_pz"
45891a78-7ba3-3f7b-9bcf-238d1f6843be,Prof.,Alisa,Kling,"36A Altenwerth Route Apt. 081",Muntinlupa,Bislig,Maine,"Christmas Island",713-232-528,365-457-069,"White, Wisoky and Powlowski",http://www.heathcote.com/ut-odio-aspernatur-aperiam.html,"Paste-Up Worker",maroon,2018-03-22,reinhold.bednar@gmail.com,Ogcx308|?A
765d9c86-792f-3c90-bc6b-69b22ddf62d5,Prof.,Corrine,Kunze,"41A Carroll Villages","Surigao City",Iriga,Hawaii,"Saint Barthelemy",852-496-923,968-516-791,"Wisoky, Tillman and Ullrich",http://www.weimann.com/voluptatem-ut-odio-harum-atque-reprehenderit-repudiandae,"Fire Investigator",olive,1981-07-10,jast.boris@mraz.org,"AI3E7wwE\7wOT0Jo]mb%"
b10eedb4-ce76-3ac0-bd9b-cd878d29ffad,Ms.,Alejandra,Daugherty,"97/53 Koelpin Causeway",Batac,"El Salvador",Vermont,Tokelau,614-040-325,283-936-362,"Feeney and Sons",http://www.ondricka.com/,"Construction Laborer",aqua,2010-08-02,robyn.koss@johnson.com,"<kUl~*Qx%""Ot1|"
810847ad-dd04-348f-a1d2-de1a09f405fc,Mr.,Laurianne,Schinner,"67A/44 Stamm Spurs Apt. 443",Pagadian,Calbayog,Hawaii,Poland,893-552-784,472-698-114,"Wiza Group",http://upton.org/amet-earum-et-dolor-ab-fugit-molestiae-aut,"Word Processors and Typist",blue,1991-02-19,valentine.jerde@beahan.com,"H""v*o4z_N"
cb42587d-bc3d-3742-a8eb-25c581c1418e,Dr.,Adelle,Morar,"10/71 Bernhard Rue",Makati,Cauayan,"West Virginia",Belgium,513-466-434,922-302-743,"Monahan Inc",http://barton.info/voluptatum-id-modi-est-sunt-rerum,"Postal Service Mail Carrier",black,1984-05-03,xrenner@gmail.com,VbgK>V`
7ce66ea4-e676-30b0-8fda-c459644f6ea0,Dr.,Lane,Bartell,"45 Greenfelder Burgs Suite 026",Muntinlupa,Tagbilaran,Oklahoma,Australia,392-268-365,895-755-748,Dach-Koch,http://www.rolfson.net/,"Recreational Therapist",blue,1995-07-03,vicenta.greenholt@pfeffer.com,1]XsD_/JjbHjQ
089681ea-f6bc-334f-8071-537d35839b9a,Mr.,Lorenza,Boehm,"67A Leannon Point Suite 392",Bayugan,"Trece Martires",Virginia,"Faroe Islands",227-144-191,230-016-688,"Stark and Sons",http://www.okuneva.com/,"Counseling Psychologist",white,1987-01-20,julio13@gmail.com,"[=H>3""^*t!($=I5"
86c58cbc-2bfd-36ac-95fe-b2267a3f31a2,Mr.,Johnson,Ritchie,"58A Littel Shoals Apt. 757","San Carlos",Sagay,"North Carolina",Guadeloupe,407-852-990,953-897-322,"Ritchie, Dickinson and Miller",https://www.russel.com/at-accusamus-eius-similique-commodi-omnis-aut-voluptates,"Amusement Attendant",olive,1970-03-23,hills.emory@yahoo.com,"""?\q~,^5<"
6594d46c-df09-3a2f-8cf6-8e1cb8a5387c,Prof.,Aliyah,Cole,"48A/95 Gislason Port",Koronadal,Lamitan,Georgia,"Isle of Man",804-864-685,157-210-494,"Farrell, Christiansen and Kunde",http://block.com/est-doloremque-architecto-dicta-cupiditate-fugit-aut-dignissimos,"Metal Fabricator",olive,2014-11-17,mann.rosetta@yahoo.com,"MuzNI"""
9454f5e3-8af7-306f-89cb-b0d101790927,Miss,Anna,Wisoky,"81/58 Krajcik Route Apt. 759",Malabon,"San Pablo",Ohio,Albania,417-652-212,777-889-293,Strosin-Kuhic,http://www.davis.com/minus-minima-magni-officiis,"Rail Car Repairer",fuchsia,1978-08-24,nrath@gmail.com,KiKOJqK
ed5b784b-aa81-35e8-b613-e99927aeee2d,Prof.,Kaylin,Satterfield,"63/99 Oberbrunner Village",Meycauayan,Cauayan,Wisconsin,Macao,648-194-834,765-322-665,Champlin-Gleason,http://bode.info/eum-provident-fuga-possimus-dolores-occaecati-dolor-non-officia,"Medical Equipment Preparer",gray,2015-05-14,watsica.aditya@gmail.com,e`x*zi:vND!hsZIZ=
2f68053e-dc5c-3e99-9faf-7db33bccaa53,Ms.,Shea,Rice,"25/25 Effertz Crossing",Mabalacat,Maasin,Vermont,Gambia,119-686-165,365-703-761,"Dooley, Gleichner and Beier",http://www.hane.com/voluptates-rem-est-consectetur-similique-molestiae.html,"Writer OR Author",olive,1989-09-03,royal78@witting.info,"?PD,)^^@!Dk)}2"
c3529a17-e247-3739-973d-2abe29b827b7,Mr.,Gail,Feil,"58A/43 Fritsch Meadow","San Jose del Monte",Pagadian,"North Carolina",Benin,763-261-618,416-690-807,Greenholt-Schmeler,http://cremin.com/et-cupiditate-veniam-sit-et-nobis-sunt-nesciunt.html,Geologist,black,1970-10-11,eheaney@yahoo.com,@V;F|WQCgJ%c1>;giC
f07d8b70-40a7-3dc9-86ad-c68c04ea6762,Ms.,Hazle,Morar,"26A Jacobi Loop Suite 430","San Fernando",Muntinlupa,Illinois,"Hong Kong",164-338-952,830-166-338,Windler-Greenfelder,http://bauch.net/ut-quia-voluptas-quae-nesciunt.html,"Precision Dyer",purple,1980-08-15,rking@yahoo.com,"a9-[t)39w,tSg"
3feb3700-04b6-3b4a-8884-b1314bf90361,Dr.,Ivy,Torp,"54A/67 Cormier Ville Apt. 715",Muñoz,Calbayog,Michigan,Finland,414-481-021,092-541-990,"Heller LLC",http://white.info/,"General Farmworker",silver,1976-05-06,keshawn.jacobi@yahoo.com,"^TZ1rRE^y06rV;/|or"""
09c20f5e-7fe6-3243-9a9c-d5a5c8029b38,Prof.,Agnes,Ortiz,"78 Kilback Locks Suite 608",Marikina,Candon,Nevada,Uganda,953-983-221,765-203-384,Murphy-Nikolaus,https://www.walsh.com/eum-modi-ratione-aut-qui-suscipit-est,"Insurance Sales Agent",yellow,2020-09-04,wehner.antonina@ortiz.com,"EUpDfRu@%""dtbzr@2"
d3beff73-b11a-3ce6-a09f-edf5426a5f38,Prof.,Nathan,Zulauf,"26A/57 Casper Corners","Las Piñas",Lipa,"North Carolina","Netherlands Antilles",742-792-101,957-330-459,"Cormier, Rice and Bahringer",http://www.grimes.org/,"Psychiatric Aide",lime,1995-11-11,margarita.spinka@schimmel.com,"0P#]#m|6[3!\0as*:>}"
11ee577e-2061-3684-b3ba-215be41b34d0,Mr.,Rowan,Kirlin,"54A/11 Spinka Tunnel Apt. 237",Guihulngan,"Trece Martires",Connecticut,Spain,425-863-955,955-328-251,"Braun, Hodkiewicz and Bernhard",http://www.becker.org/eius-quo-illo-animi-et-velit.html,"Art Director",yellow,1995-05-03,brock18@yahoo.com,QAu8Y%wCgoz
070f3284-be9a-3f7b-93da-9e7cf7202605,Prof.,Jazlyn,Bode,"15A Nicolas Port Apt. 790",Tuguegarao,Koronadal,"South Dakota",Moldova,306-128-656,646-345-292,"Rodriguez LLC",http://friesen.info/sint-autem-ut-doloribus-voluptatum-aut-ex-dolorem,"Plating Machine Operator",blue,2005-10-07,dbogan@yahoo.com,PbGw{~F
b84bfba0-1893-37e6-9ee8-34178c0237ab,Dr.,Ora,Skiles,"94A/47 Armstrong Spring Apt. 734",Tagaytay,"San Jose",Illinois,Tonga,978-163-941,820-225-648,"Thiel and Sons",http://skiles.com/odit-dolorem-et-unde-dolore-sed-quidem-pariatur-dignissimos.html,"Shuttle Car Operator",teal,2008-01-05,abbey.bins@hotmail.com,N!Xvqk/'E
186a1601-fa13-3b81-8cd6-77a57aa62f93,Ms.,Preston,Leffler,"91A/01 Rodriguez Street Suite 901",Lipa,Balanga,"West Virginia",Mauritius,759-141-219,740-282-421,"Torphy Inc",http://www.fritsch.com/eos-est-perferendis-ea-magni-perspiciatis,"Mathematical Science Teacher",fuchsia,2011-11-21,blick.titus@feil.com,p^.aW}6dSaO;CK
fb0c3df7-748b-3cb4-b7d5-512a4159e64f,Dr.,Felix,Simonis,"29 Powlowski Isle",Muñoz,Alaminos,Maine,"Sri Lanka",463-824-434,079-657-152,"Keeling, Spencer and Keeling",http://parker.biz/sint-neque-illum-id-voluptate-sint-corporis,Cabinetmaker,teal,1984-11-19,hildegard21@hotmail.com,95.'3qD]^nX{u
d51c5f24-3ea7-374e-987d-123158be8ac4,Dr.,Harmon,Spencer,"07A/24 Gerhold Street",Bacolod,Mandaue,Connecticut,Turkmenistan,041-270-710,377-332-046,"Zulauf LLC",https://www.torphy.com/nostrum-nihil-accusantium-velit-quo-atque-ipsam-repudiandae,"Music Director",white,1975-03-13,xboehm@yahoo.com,"`1bXw,O"
fea363e2-11c2-3e10-95a3-2a6ad99e84e3,Prof.,Cody,Cassin,"28 Dooley Trail",Cabadbaran,Maasin,Tennessee,Korea,085-394-768,930-969-567,"Zboncak, Wuckert and Tillman",http://www.spencer.com/,"Correctional Officer",lime,1986-07-08,swift.sharon@gmail.com,uz5v*)k$~wx;F>oLhtb
25747134-9de4-3ce2-8f05-a811887c5d94,Prof.,Ernie,Tremblay,"83/58 Will Oval",Catbalogan,Lamitan,Colorado,Thailand,966-784-355,440-145-566,"Mann, Bahringer and Reichert",http://farrell.info/et-enim-assumenda-non-omnis,Audiologist,silver,2020-10-27,kassandra97@stanton.com,"~OaS\?f21zjn"
2407c8b9-eb43-3d7b-aa38-393e2e8dc049,Prof.,Brock,Waelchi,"93 Mitchell Overpass Suite 105",Cabuyao,Candon,Pennsylvania,Niue,065-833-514,716-942-847,"Rowe, Cassin and Greenfelder",http://www.torp.org/rem-nam-dolor-reprehenderit-voluptatum-iusto-et,"Woodworking Machine Setter",black,2011-03-03,gkassulke@yahoo.com,.:SHEB
9b7f83fa-4184-3434-82cd-decce2907d8f,Dr.,Arno,Hickle,"46 Schroeder Trail",Pasig,Danao,Wyoming,Mexico,090-390-058,457-660-120,"Spinka, Block and Streich",http://brown.info/ad-eos-repellat-modi-maiores-perferendis-quia-adipisci,"Computer Scientist",gray,1972-12-30,will.cortney@davis.com,"v,'X:`s8)N6k4f}W"
45b53385-287d-3b51-8271-e92d7f146d04,Prof.,Shakira,Krajcik,"84/74 Gleichner Burg",Tacloban,Malabon,"New Mexico",Montserrat,631-358-821,324-114-171,Leuschke-Walker,http://kutch.com/sed-dolores-ut-aut-illum-in-ad,"Biochemist or Biophysicist",white,2018-06-07,wbayer@lowe.com,"1]_F""@tUTCPnSC#dN"
fdb3c53e-cb45-3f98-a3f9-ebad4b515a1a,Dr.,Carolyne,Macejkovic,"54/88 Cummerata Course",Gapan,Ilagan,"South Dakota",Guinea-Bissau,706-984-709,412-703-698,"Bergstrom Group",http://herman.biz/culpa-accusantium-consequuntur-accusamus-dolores-a-magnam-et-iure,"Wholesale Buyer",maroon,1975-09-16,gstracke@mayert.info,")9B%2""l<)xrh"
bf55a195-ee7c-348b-84d0-be89c793d861,Prof.,Derrick,Lowe,"75A/60 Wehner Club","San Fernando",Koronadal,Ohio,Andorra,646-183-856,768-944-186,"Lang, Schinner and Gerlach",http://dicki.biz/doloremque-deleniti-deleniti-cupiditate-tempore-rerum,"Printing Press Machine Operator",green,1987-01-02,barrows.zion@schultz.com,}@^W^k!
7bb23777-38d4-3766-ae9e-c78f4c941eea,Prof.,Rachel,Kovacek,"26/91 Marquardt Streets",Panabo,Maasin,Pennsylvania,"United Kingdom",484-008-858,375-118-510,"Prosacco PLC",http://maggio.net/,"Head Nurse",white,1985-12-07,oma.roob@hotmail.com,">L\eH~"
e5f49529-f226-3136-a034-8337e6b7f74f,Miss,Gunnar,Macejkovic,"75 Anderson Fields","San Carlos",Dagupan,"South Dakota",Serbia,233-416-732,982-220-461,"Barrows PLC",https://dooley.org/molestiae-ut-laborum-esse-dolorem-voluptas.html,CTO,silver,1995-08-18,camryn14@orn.com,"Zy6^8v:,1""bOr*3sZ~%!"
cc87e466-e142-32d1-af4e-5450980a7841,Dr.,Arnoldo,Nader,"69 Weber Path",Biñan,Sagay,Oregon,Mexico,560-617-563,290-170-142,Toy-Carter,http://www.parker.org/numquam-assumenda-ipsam-odit-et,"Marriage and Family Therapist",olive,2018-11-08,wintheiser.juvenal@veum.com,GSAs>i;gG#ou.Tf431
44570ae3-de45-372b-812b-bcd04124268c,Dr.,Buddy,Vandervort,"56A/57 McGlynn Square Suite 042",Valenzuela,"Las Piñas",Nebraska,Spain,953-107-553,545-918-379,"Witting Group",http://champlin.com/,"Tile Setter OR Marble Setter",yellow,2012-01-26,missouri40@gmail.com,C#MVsGe.)EPbtF
213eff51-9406-33a4-95b3-7e8a37845565,Ms.,Lora,Sawayn,"54A Prosacco Groves Suite 025",Manila,"San Juan",Massachusetts,Sweden,709-216-831,251-269-272,"O'Kon, Bradtke and Morissette",http://www.mueller.org/enim-animi-eos-hic-totam-nemo-natus,Teller,black,1990-03-11,eldred.mosciski@hotmail.com,<w*94%uG<5
75d0b412-dd3d-3e69-85af-d17528041c34,Miss,Jayden,Effertz,"90 Beier Road Apt. 034",Olongapo,Mandaue,"West Virginia",Kiribati,872-538-846,833-691-519,"Williamson Group",https://frami.info/quibusdam-architecto-ipsum-deleniti-sit.html,"Textile Machine Operator",aqua,1980-12-19,arielle.kirlin@yahoo.com,JBhk<m
d8ce8550-88a2-3954-ab16-1b2f51672bea,Mrs.,Karina,Kozey,"09A Russel Extensions",Oroquieta,Silay,California,"Northern Mariana Islands",018-791-077,486-941-235,"Medhurst LLC",http://leffler.info/,CFO,navy,2008-06-03,qmann@huels.com,#~x-JDVn0($g
6c5fbfb5-e13c-3d93-b80d-4a022b40c04f,Dr.,Charles,Connelly,"13 Stark Lakes Apt. 218","Masbate City",Talisay,Florida,"American Samoa",121-588-045,809-720-443,"Hermann, Price and Schaden",http://leannon.com/possimus-et-corrupti-quo-accusamus-iusto,"Job Printer",olive,2002-01-17,nona34@yahoo.com,DFDSh3CZW@P{
e002d296-3231-394a-95cf-57a2d5686112,Dr.,Brigitte,Reichel,"96A/15 Kuvalis Place Suite 774",Carcar,"Trece Martires",Massachusetts,"El Salvador",510-964-000,219-223-700,"Mraz LLC",http://www.paucek.com/iure-facere-rerum-adipisci-ut,"Textile Machine Operator",silver,2002-01-09,amira.deckow@carroll.com,S-gQFw3kDi25]d*4K.
ea25920e-7ba7-3736-a396-8dd0ab7ab25b,Dr.,Pinkie,Kirlin,"92/16 Weber Row","San Pedro",Calapan,Idaho,Slovenia,460-629-362,666-718-464,"Heidenreich, Mohr and Jacobs",https://ortiz.com/doloremque-vero-nihil-ratione-eaque.html,"Surveying and Mapping Technician",silver,2020-04-09,jspinka@gmail.com,.Z$dK};4GbsK
3884da08-0f5f-3c39-b2b9-61682420226c,Prof.,Rebeka,Mitchell,"98 Schaden Drives Apt. 020",Samal,Pagadian,Minnesota,Guernsey,613-972-566,028-200-973,Dickens-Kuphal,http://www.wiegand.biz/,"Plating Operator",black,2009-06-01,cornelius17@hotmail.com,"{~L7<$""[LprW+"
68ddd71c-f78d-38ea-a825-b0856bbea49e,Dr.,Oren,Mills,"80 Toy Lodge Suite 882",Tuguegarao,Panabo,"North Carolina","Cayman Islands",737-152-447,284-025-946,"Grimes Inc",http://white.com/,"Sawing Machine Tool Setter",silver,2018-11-05,eboehm@berge.info,"\8]e4lsB_]4!:$7""]"
af0a905e-8309-32df-92ae-0addb848c97a,Dr.,Paula,Keeling,"71A Gleichner Forks Suite 308","La Carlota",Himamaylan,Idaho,"Isle of Man",047-910-160,279-595-948,"Grimes, Gibson and Turner",http://metz.com/,"Stationary Engineer",black,2005-12-01,gottlieb.zachary@gmail.com,l0CHp#t0s3
801df840-5a48-3f82-beb1-d26306ff7b8b,Miss,Shayna,Ritchie,"17 Toy Landing Apt. 554",Danao,Biñan,Alaska,Fiji,573-931-963,557-281-078,"Howe Ltd",http://www.sawayn.info/iusto-provident-est-ab-voluptas.html,Illustrator,purple,2007-10-01,nrutherford@gmail.com,50kZ_~:
c6f08ec2-b89c-3cdf-bbe4-02c7b43505f8,Mr.,Gabriella,Jones,"66/91 Rosenbaum Locks Suite 524",Navotas,Calapan,Wyoming,Belize,977-042-883,702-950-757,"Johnson Inc",http://harris.com/ducimus-nulla-eum-voluptates-eos-libero-mollitia-quia,"Aircraft Mechanics OR Aircraft Service Technician",gray,2010-11-12,twindler@gmail.com,"CG%<EhF""VQ"
92f619cf-eaff-32dd-89eb-1c67e2561391,Mr.,Wilton,Conn,"25A Hansen Trail Apt. 881",Koronadal,"San Juan",Washington,Korea,033-682-562,629-666-843,"Zulauf Inc",https://www.gusikowski.net/temporibus-error-commodi-itaque-eos,"Photographic Reproduction Technician",maroon,2000-05-19,stark.karolann@yahoo.com,nybqD&PKS/fb}*@[Qiu2
d0557138-d02d-35f2-b3f7-c167944df1e6,Dr.,Eryn,Bartell,"86/41 Fadel Alley",Cadiz,Pasig,Alaska,Nauru,610-772-247,757-511-412,"Cummings, Harris and Fay",https://www.halvorson.info/neque-qui-incidunt-similique-dolores,"Probation Officers and Correctional Treatment Specialist",fuchsia,1983-09-25,goyette.willard@ankunding.org,C5TZ35f2FLvL<F9^gQ
037f3470-89e4-3239-96d6-602c029c86b7,Dr.,Orrin,Gerhold,"20 Roberts Station Apt. 089",Lapu-Lapu,Koronadal,California,"Libyan Arab Jamahiriya",964-018-673,223-220-216,"Hartmann PLC",http://www.pacocha.com/modi-fugiat-quod-deserunt-omnis-excepturi,"Extruding and Drawing Machine Operator",black,2022-04-10,emiliano.corkery@yahoo.com,MTTRZuPyjQblf
d5c12437-e68a-3ff6-beae-43412316d2f9,Mrs.,Elmo,Bode,"95 Murazik Dam Apt. 046",Baguio,Roxas,Nevada,Japan,830-960-396,046-050-816,Cremin-Jast,http://little.info/quia-in-autem-sequi-aut,"Marine Cargo Inspector",aqua,1983-09-15,marguerite.mohr@hotmail.com,6NHZYY!f~S]n$%g
2f3ee958-534e-3fca-a062-dbe029a4899c,Mr.,Harvey,Leannon,"73A/38 Kohler Crossroad",Dipolog,Navotas,Tennessee,Ghana,737-638-748,168-566-289,"Raynor PLC",http://www.cole.com/eaque-laudantium-officia-velit-consequatur-harum-dolores-aut-iusto,"Preschool Teacher",fuchsia,2012-06-24,kip.schaden@parisian.info,"yZNM['lC""kVf[hO"
c04b814c-ef06-323f-bb5a-305290b3b671,Prof.,Juston,Feeney,"84A Larkin Parkways",Parañaque,Panabo,Michigan,"Cocos (Keeling) Islands",774-791-827,622-964-129,Schultz-Monahan,http://www.thompson.biz/,"Housekeeping Supervisor",silver,1980-10-07,oboyle@gmail.com,gLJMMZ.2Q:Vs
266f635a-9e9b-3b75-9f01-f38fc1371db6,Mr.,Providenci,Treutel,"78A Dare Common","Batangas City",Lamitan,"New Hampshire",Ethiopia,800-353-486,309-152-140,"Wehner Group",http://moen.com/in-tempore-modi-libero-est-praesentium-eligendi-eum,"Web Developer",navy,1987-01-09,aohara@hotmail.com,=Dhz?Bv>
57a14e6a-9444-3837-984e-0175aabb4a1b,Prof.,Lucious,Will,"52/95 Braun Ways",Sagay,Passi,Massachusetts,"Falkland Islands (Malvinas)",153-782-167,879-052-350,"Boyle, Price and Baumbach",http://kiehn.com/adipisci-in-eum-saepe-ad-sit-et-est-totam,"Claims Examiner",lime,1993-08-22,durgan.nathan@anderson.com,{8%{rn
5a43f2cd-2dc2-3fb0-aaa3-d2422a97f7f8,Ms.,Baylee,Grant,"64A Veum Orchard",Cabanatuan,Vigan,Louisiana,Hungary,344-968-493,153-651-876,"Schulist, Gerhold and Jaskolski",http://kiehn.com/recusandae-dolor-beatae-quia-possimus-occaecati-quae-et.html,"Control Valve Installer",lime,2019-10-14,elta14@hotmail.com,h+{Q7q
30db39ca-ea73-35a9-8a6e-67ba1792c873,Mr.,Emerson,Hackett,"67A/39 Lehner Port",Ligao,Dagupan,Wyoming,Malaysia,268-800-670,118-591-156,"Pfeffer Ltd",https://stehr.org/enim-ratione-illum-harum.html,"Precision Aircraft Systems Assemblers",navy,1970-09-09,nleuschke@corkery.com,"5y#E/S&\A~S|^"
357c6af0-b676-36b1-8325-27473712cea0,Mr.,Aleen,Pollich,"47/10 Hettinger Burgs",Marikina,Butuan,Minnesota,"Heard Island and McDonald Islands",123-803-915,251-910-934,Emmerich-Reichel,http://www.cartwright.com/aspernatur-maiores-ducimus-sit-rerum.html,"Cost Estimator",blue,2005-12-19,brandi89@roberts.biz,"2o|'\A""9A7dulWo/w^RL"
3a20f1be-0b7a-3997-b63e-8e522d4a0821,Dr.,Curtis,Schneider,"51 McDermott Divide",Tuguegarao,Dipolog,"Rhode Island",Myanmar,625-304-614,559-326-998,Keeling-Klocko,https://www.lehner.com/laborum-quia-et-et-veritatis,"Electronic Engineering Technician",aqua,2007-05-30,marguerite.gerhold@yahoo.com,CdM/ux=Keo_UFp[*~ZZ
9f3edc62-f620-3245-919c-32338a1dcf24,Dr.,Ransom,Smith,"46A Cole Parks",Iriga,Cadiz,Oklahoma,"Saudi Arabia",479-038-314,111-213-751,Bins-King,https://kuhn.com/eaque-laudantium-et-in-corrupti-molestias.html,"Motor Vehicle Operator",olive,2013-07-26,kamron57@hodkiewicz.com,3xVc3rBC=5KAY4la
131002d6-ad13-39dd-9dd2-4587bda36d1a,Mr.,Milton,Toy,"77/79 Bergnaum Circle Suite 775",Tayabas,Navotas,"North Carolina",Norway,415-622-451,408-677-724,Murphy-Graham,http://www.reinger.org/tempora-cupiditate-aperiam-illo-mollitia.html,"Oil and gas Operator",green,1975-04-14,zieme.norris@runolfsson.net,lwdt_cKF{ANO+]UWM.2
87f81f66-df8a-3233-9ac0-8099422373a8,Prof.,Angelo,Gibson,"69A/29 Rohan Lakes","El Salvador",Iriga,Vermont,Norway,418-206-526,368-831-133,"Feest, Luettgen and Towne",http://gerhold.com/fugit-qui-vel-rerum-optio-ullam-quas,"Forensic Investigator",silver,2012-01-13,herzog.larry@hotmail.com,"""?k5'/"
1b43d817-84a7-3dfd-a40f-d51041b2a741,Prof.,Leatha,Padberg,"92A Brakus Isle Suite 229",Candon,Meycauayan,California,Kenya,775-288-296,108-946-394,"Upton Ltd",http://schoen.com/placeat-architecto-blanditiis-blanditiis-ratione-et-qui-expedita.html,"Dot Etcher",teal,2009-12-18,ymorar@emmerich.com,LWxy3u(~b=BxlLfDYZ^)
9b97c0cb-6f05-37ac-a685-3b640c44cf3e,Prof.,Shanel,Cartwright,"15/31 Ondricka Street",Marikina,"San Fernando",Maine,"Syrian Arab Republic",476-141-338,829-160-609,"Mills and Sons",http://fritsch.com/dignissimos-ut-rerum-incidunt-suscipit,"Industrial Machinery Mechanic",black,1984-09-04,ella.huels@yahoo.com,"%d'GbI""19$<[H4M]-|G"
31cda118-5e2b-3fa0-b059-2b072adeb1ba,Dr.,Felicity,Zboncak,"87/73 Hodkiewicz Island",Muñoz,Guihulngan,Arizona,Serbia,270-673-516,003-231-655,"Gerlach, Schuster and Becker",http://www.bosco.org/facilis-enim-earum-accusamus-dolor-quis-dicta.html,"Real Estate Sales Agent",yellow,1974-10-06,parker75@hotmail.com,"6fKLZ%\fRJ"
e6271595-6a63-3868-935c-308b7a5d5f96,Dr.,Sedrick,Tromp,"56A Leannon Place Apt. 473",Talisay,Bacolod,"New Jersey","Puerto Rico",635-607-654,833-790-082,"Von, Bogan and Luettgen",http://mertz.com/dolorem-nulla-praesentium-neque-aut-aut-alias-molestias-consectetur.html,"Environmental Engineering Technician",fuchsia,2016-01-26,gemard@ritchie.com,"W(-uj<\]"
ebd580ba-d80e-3019-bb32-dfc3d344cdd6,Prof.,Carol,Bergnaum,"46/34 Goldner Village",Malaybalay,"Cebu City",Pennsylvania,Ukraine,793-505-465,507-649-577,Quigley-Kunze,http://www.purdy.com/nostrum-quidem-voluptatum-vitae-repudiandae,"Numerical Tool Programmer OR Process Control Programmer",olive,1996-03-29,catalina.macejkovic@ohara.com,"uD20G`c]y%,]*qY"
ad218149-83b1-3995-a412-58ad4790cddb,Prof.,Kelly,Schmeler,"57A/46 Hoppe Pike Suite 984",Ilagan,Caloocan,"District of Columbia",Angola,107-269-619,478-663-706,"Jakubowski Ltd",http://hayes.com/qui-minima-doloribus-tempora-molestiae-maxime-nemo-enim.html,Musician,white,1998-01-01,cmarquardt@yahoo.com,[[o|wx=p$
1d066a7b-2a89-3354-b0d8-b1dbd71381a5,Dr.,Raymundo,Paucek,"92 Auer Shore Suite 644",Kidapawan,Talisay,Iowa,Mali,474-097-037,136-268-914,"Satterfield PLC",http://www.stracke.com/exercitationem-itaque-repellendus-animi-itaque-facilis-illo-temporibus-officiis,"Compliance Officers",maroon,2009-08-01,mschamberger@bosco.com,H@r'2=kj3'yjZl'YcP
a4261d7b-ced4-3fbd-9ed8-8e26d5b15c81,Prof.,Gus,Dibbert,"10A Dibbert Cliffs",Dipolog,Muntinlupa,Missouri,"United States Virgin Islands",022-910-055,156-207-391,"Ebert and Sons",http://www.bergnaum.com/est-voluptatum-nulla-veniam,"Welding Machine Tender",purple,1976-04-11,rau.lauren@gmail.com,kO:)$tXQ
3d40fc53-cf93-38e0-b350-e0fe7e1f26b2,Prof.,Lenora,Adams,"61A Simonis Garden",Escalante,Kabankalan,Alaska,"Saint Helena",710-157-299,876-843-358,Nienow-Hirthe,http://www.jacobson.info/quis-et-incidunt-voluptas-ea-ipsum-ut-pariatur,"Supervisor of Police",maroon,1977-07-30,obogisich@sauer.com,MN1'f<@5#id_xDi3}Y
d2fe10ca-ba39-3806-94e2-b4dc96fb8f7d,Mrs.,Evan,Welch,"48/27 O'Connell Ville Suite 183",Legazpi,Lucena,Michigan,Mauritius,762-092-258,529-653-539,Roberts-Gislason,https://kling.com/ad-vel-incidunt-et-et.html,"Food Preparation Worker",fuchsia,1982-06-28,gregorio70@boyle.info,jGVM+.Iun?
e0eded46-5f60-335e-a56b-ea1d1ef23e79,Ms.,Cassie,Lang,"81/43 Schulist Vista Apt. 276",Passi,Bayawan,Oregon,Tokelau,474-710-923,312-200-496,"Kozey, Schmidt and Kihn",http://www.kautzer.net/autem-enim-natus-aut-nam-et-nisi,"Separating Machine Operators",maroon,2003-09-23,uschaefer@hotmail.com,"%-3S4F]sws\<(Q"
ec4b103a-1b68-3002-a44e-4801cd94a7bb,Mr.,Rosalee,Price,"84A/69 Zemlak Terrace Apt. 248",Tanauan,Baybay,Florida,"Costa Rica",280-104-039,852-218-923,"Murazik LLC",http://www.heathcote.com/et-illo-voluptatum-cum-ut-ad,"Hotel Desk Clerk",green,2013-02-08,tyrell.moore@yahoo.com,"v:0iWC4t`yY,R"
f1daff66-6cdb-3d5c-8d7b-dc76e7d21fd0,Dr.,Ludwig,Torp,"64A Kuphal Junction","San Carlos","San Juan",Arizona,Burundi,600-866-174,356-485-939,"Daugherty, Gutmann and Braun",http://www.mitchell.com/laudantium-quos-ipsum-molestiae-velit-quia-non,Etcher,aqua,2000-12-14,evie.lemke@gmail.com,z]fr)wILB#
f9fa4822-2e02-3730-ba38-4206c1381960,Mr.,Eldora,Kuphal,"83 Kuvalis Mountains Apt. 390",Iriga,Butuan,Wisconsin,"Christmas Island",167-164-264,276-194-405,"Terry, Bergstrom and Williamson",http://gottlieb.com/,"Fabric Pressers",fuchsia,2017-01-18,hayes.casimer@raynor.org,"CL\~|yN"
de8b9acd-e1de-32f7-9059-6da89ef265dd,Prof.,Ulices,Friesen,"56A Rutherford Pass Suite 722",Samal,"El Salvador",Minnesota,Tunisia,180-325-701,648-132-568,"Abbott, Gislason and Weissnat",https://www.parisian.biz/a-autem-quia-vitae-enim,"Manager of Air Crew",fuchsia,2003-04-10,vtoy@wuckert.com,"n|A\D1?^"
f13d6407-82ea-33a4-b5df-4c2c92852764,Prof.,Stephen,Ritchie,"74A/13 Schultz Mall Suite 431",Muñoz,Danao,Florida,Mauritius,907-475-160,220-935-265,Schroeder-Metz,http://www.jaskolski.info/illum-nisi-ea-qui-natus-deserunt-similique-cumque,"Home Appliance Repairer",maroon,2016-03-27,fae.kiehn@yahoo.com,"`/4e1`!,oo<A)"
43216c05-7efc-3abc-8713-174de0563a45,Mrs.,Piper,Farrell,"73A/29 Watsica Mill Apt. 121",Toledo,"Tarlac City",Maryland,Mongolia,771-789-757,427-762-908,"Schamberger Ltd",http://www.yost.com/ut-vero-temporibus-in-delectus-ex-quidem,"Insulation Worker",silver,1978-12-21,moises20@yahoo.com,!&!ERe}Q2ZkYy6f
336bdd7d-8a7e-306f-9dc2-f5bae1d9f8f2,Dr.,Nestor,Bradtke,"50A/64 Lockman Branch",Carcar,Tanauan,Alabama,Kuwait,040-021-669,543-955-295,"Collins Group",http://www.dach.com/rerum-consequuntur-qui-quod-illo,Baker,silver,2020-07-24,bhudson@yahoo.com,}9)$qt}&Gw
1f9ac930-b7f3-3d62-9f42-24c7e6e39d67,Mrs.,Alfredo,Schowalter,"10/11 Wiegand Wells Apt. 696",Tayabas,Batac,"New Jersey","United States of America",812-043-515,166-157-362,Trantow-Watsica,http://konopelski.net/animi-nostrum-quam-odio-recusandae-dolorum-ducimus,Electrician,lime,2010-10-23,theresa.howe@kozey.com,gG=`1y{G'
dbef45ce-b5c5-350e-8607-081d7e7941ab,Mrs.,Isaias,Brakus,"22 Zboncak Walks",Digos,Angeles,Maine,Indonesia,084-808-542,170-770-707,Hayes-Aufderhar,http://klocko.com/,"Protective Service Worker",yellow,2017-05-17,erdman.josiah@gmail.com,iy!AP~b<
bb2c70c2-3092-3e93-ac7c-11dc1f646a8c,Dr.,Cale,Ziemann,"68 Beahan Parkway",Lucena,Sipalay,Nebraska,"United Kingdom",758-490-881,484-173-766,"Maggio, Runte and Olson",https://www.kshlerin.com/distinctio-nisi-totam-laborum-sunt-occaecati-eligendi-enim,"Carpet Installer",black,1988-06-26,devante.okon@anderson.com,"Wa_>""G2OnRW[_"
40b0b45b-321e-3319-8ee0-19d252c14a90,Prof.,Providenci,Schamberger,"35 Homenick Burgs Suite 980",Tagaytay,Tuguegarao,Nevada,Korea,467-858-223,928-011-745,Hermiston-Steuber,http://grady.org/ea-fugit-omnis-quia-fuga-fugiat-odit-et,"Plumber OR Pipefitter OR Steamfitter",blue,2006-11-07,mcglynn.margarita@gmail.com,"tm{(-W{gv$@\"
b792d415-0410-31bb-99ba-fb40b6f2ec9b,Dr.,Tremaine,Lakin,"60/40 Koepp Road Apt. 162",Navotas,Tagum,Hawaii,Anguilla,379-048-759,944-179-042,Steuber-Prosacco,https://www.morissette.org/voluptatum-qui-perferendis-earum-aliquam-modi-laudantium,"Security Guard",purple,1970-01-16,imayert@shanahan.org,Gv|h=]>
09406161-c756-3293-8a57-3259f0161b8f,Prof.,Jon,Daugherty,"54A Purdy Ridges Apt. 167",Urdaneta,"Davao City",Maryland,Philippines,373-005-827,978-252-218,"Schmeler, Rodriguez and Wyman",https://hane.com/atque-ipsa-repellendus-esse-delectus-repudiandae-reprehenderit.html,"Percussion Instrument Repairer",white,2010-08-16,salma.herman@oberbrunner.net,upc)QH$W2<9
e2e220eb-626c-3c83-85be-bede34515d0b,Prof.,Domenick,Lowe,"31A/26 Mayer Pike Apt. 511",Tanjay,Legazpi,"New Mexico",Venezuela,537-706-961,013-422-677,"Raynor, Schimmel and Olson",http://www.dooley.net/,"Outdoor Power Equipment Mechanic",yellow,1982-02-28,dickens.robbie@gmail.com,#d]2=>(8Y?s/.
c05af4c2-0ef8-3fe9-80e2-a05fa7d3b257,Prof.,Oswald,Bogan,"18 King Parkways",Mabalacat,Urdaneta,"District of Columbia",Oman,438-486-852,565-821-275,Ryan-Wiegand,http://mcdermott.biz/,"Manufactured Building Installer",purple,2021-02-16,champlin.helena@parker.com,"?d9?\g""Xz`Pg&:L\x+"
34665738-a008-395c-8bb7-ce8248e8ef94,Prof.,Raoul,Kozey,"69 Welch Throughway Suite 381",Caloocan,Roxas,California,"United States Virgin Islands",222-810-864,948-491-858,"O'Conner, Jenkins and Macejkovic",http://www.schmeler.com/,"Glass Blower",maroon,2002-06-17,rogelio71@simonis.net,`'6C4N
79475905-7d8f-39cd-90f5-e2511f33dc9a,Dr.,Natasha,Stokes,"74A/43 Williamson Path Apt. 622",Mandaluyong,Calbayog,Oregon,"Christmas Island",046-605-212,759-613-264,"Legros PLC",http://www.stehr.com/dignissimos-adipisci-quia-est-unde-exercitationem-molestias.html,"Court Reporter",aqua,2007-11-24,cathryn05@klocko.net,f+IQeC!'f1m
0dee9bd9-8f76-30e8-882e-220f71c067ab,Prof.,Verona,White,"68 Mayer Mills Suite 854",Bayugan,Catbalogan,Alabama,Mayotte,315-775-440,629-339-501,"Stiedemann, Hamill and Vandervort",http://www.emmerich.info/autem-non-inventore-doloribus-architecto-qui-dolorem.html,"Administrative Support Supervisors",purple,2014-07-25,guadalupe60@zboncak.com,bn42%Upxi
94e40469-f2dd-3708-859b-e3f2c169de3d,Miss,Alexandrea,Herzog,"78/14 Veum Creek Apt. 391","Cagayan de Oro",Dagupan,Arkansas,Togo,296-013-586,180-740-723,"Schultz, Volkman and Blick",http://www.heller.info/qui-et-qui-et-voluptatibus-ducimus,"Postal Clerk",green,1996-10-05,hermann.annabell@hotmail.com,xQEkKFqL(KhtUmZYo<|
5f16a30e-c144-33c0-ba70-bfc4f3ac670b,Mr.,Cesar,Trantow,"74A/17 Tremblay Falls",Urdaneta,Kabankalan,Missouri,"New Zealand",570-835-761,880-359-143,Hackett-Howe,http://www.okeefe.net/,"Sales Person",purple,1983-11-10,rhammes@hotmail.com,>xK-Z5k}`RfDG9k
82cd5dda-3a67-3ee7-a1b6-bb01d86b9412,Mr.,Dayna,Stokes,"27/69 Funk Common Suite 562","Santa Rosa",Sipalay,Wyoming,Botswana,985-306-555,996-649-925,"Schuster, Strosin and Dach",http://www.oreilly.biz/temporibus-quae-impedit-ut-hic-eos-voluptatem,"Photographic Restorer",lime,2016-07-02,agnes.koch@hotmail.com,*v/_O;]Aag}f
32acb717-09a2-3460-936d-8741dc63e338,Mrs.,Sophie,Legros,"58A Runolfsson Run",Roxas,Mati,"North Dakota",Belize,336-844-022,922-570-250,Douglas-Terry,https://nicolas.com/eveniet-repellendus-voluptatem-consectetur.html,"Production Planner",yellow,2007-09-22,mheathcote@gmail.com,SYvZXNPQ[Y*s?B#p
0cbfd501-b16a-3c48-9800-83c15c08fb9c,Dr.,Cedrick,Carter,"64A Herman Canyon Apt. 122",Olongapo,Tacurong,"District of Columbia","Cayman Islands",181-364-845,521-161-920,"Mraz, Lebsack and Shanahan",http://www.crona.biz/,"Keyboard Instrument Repairer and Tuner",lime,1983-11-18,parisian.rosetta@doyle.com,"E\a,V3Tkswgp]GQQz7"""
dc468afd-d5d4-3ee7-8218-9f0209887cc2,Dr.,Rachael,Stanton,"48/78 Harvey Forks",Urdaneta,Bislig,Washington,Iraq,278-709-766,115-997-102,"Lakin and Sons",http://www.dibbert.net/,"Recordkeeping Clerk",black,1983-06-12,alejandra77@rosenbaum.biz,j_?pet#2X
97531fe2-707d-3042-84a2-7ade07b194bc,Mrs.,Peggie,Powlowski,"59/14 Ratke Mount Apt. 874",Samal,Tuguegarao,Oklahoma,Haiti,004-289-057,571-327-766,"Morar, Schmitt and Becker",https://corkery.com/rerum-ut-sint-corporis-quod-et-placeat.html,"Musical Instrument Tuner",green,1991-04-07,goyette.stanford@yahoo.com,/s6LQ&X3mpE
a2748235-1c3e-3158-afda-636705d03f4c,Mr.,Bernardo,Weissnat,"09A Watsica Squares",Mabalacat,Dumaguete,Texas,"Norfolk Island",228-506-194,101-340-912,"Olson and Sons",http://www.kunde.biz/consequatur-consequatur-iusto-iste-nemo,"Copy Writer",purple,1994-05-03,travon55@hotmail.com,|UmzRc.fC11#Y
3bff0024-350f-3f71-a31f-4ef06eafdba7,Prof.,Lindsey,Buckridge,"77/91 Krajcik Trafficway",Baybay,Baguio,"New Hampshire","Isle of Man",717-077-901,232-341-910,Miller-Konopelski,https://rutherford.org/facilis-harum-porro-accusantium-ut-officia-at-officiis.html,"Housekeeping Supervisor",lime,1980-08-06,hartmann.thomas@gmail.com,"##V/'4N`^"",dw;)b"
a0b3afd1-b9a1-3caf-ae1b-c3323e5c7b6f,Mr.,Reilly,Kertzmann,"61A Nikolaus Club",Ormoc,"Zamboanga City",Maine,France,724-122-747,154-542-023,"Wiegand Group",http://considine.org/,"Environmental Science Teacher",lime,1988-05-14,lauriane.windler@zemlak.org,B*mI/R
840a6e64-95d0-32c1-af33-61ad021509a0,Prof.,Dakota,Bernier,"74A Bins Green Apt. 897","San Pedro",Malolos,Florida,"Sri Lanka",007-623-893,431-963-154,"Batz, Osinski and O'Hara",http://www.aufderhar.info/,"Engineering Teacher",gray,1982-05-02,hassie98@yahoo.com,".|KzT=4""\l~"
bd2aae62-4dc4-3514-bafd-ec0643f0266a,Dr.,Angeline,Pagac,"13A/72 Gleichner Tunnel",Tuguegarao,"Batangas City",Maryland,"British Indian Ocean Territory (Chagos Archipelago)",070-934-948,646-611-491,"Connelly PLC",http://www.koss.info/,"Amusement Attendant",navy,1992-08-21,kreiger.jodie@bins.com,_7yUN!Sg0S#WAE9T3f
03d68072-4853-3b7e-ae0d-3c7e5adc3ab5,Dr.,Alan,Johnston,"48A/03 Windler Rapids",Pasay,Lapu-Lapu,Missouri,Turkmenistan,930-948-837,530-780-419,Weissnat-Sauer,http://www.medhurst.com/similique-voluptatem-quibusdam-iusto-a-quia.html,"Military Officer",white,2006-11-04,lukas19@gmail.com,)(X*n=o;KJ
d1c25a3f-f231-3036-b60f-505c185df7e8,Mrs.,Bryana,Schuppe,"71/78 Connelly Passage",Tacloban,Silay,"North Dakota",Montenegro,194-616-865,784-232-173,"Nader Inc",http://www.mayer.biz/aliquid-suscipit-molestiae-accusantium-molestiae.html,"Woodworking Machine Setter",fuchsia,2016-01-13,margarita.schumm@effertz.com,OH_%gYD5qyW;F@cpN`]A
4fbc99aa-2b72-3697-a720-6828ec8b10aa,Dr.,Riley,Shanahan,"23/23 Streich Gateway","Surigao City",Isabela,Nevada,"American Samoa",046-294-464,347-448-551,"Dickinson, Schulist and Langosh",http://walker.net/consequatur-id-dolores-odit-exercitationem-consequatur-debitis,"Paper Goods Machine Operator",navy,1986-10-23,bruen.carmella@wehner.com,IuvtVzAY_c
81b55d5a-089d-31fd-8c71-c3e61f6fd4ad,Mr.,Ole,Runolfsson,"22A Osinski Harbor",Tabuk,Lucena,"New Jersey",Paraguay,447-241-324,382-916-392,Lind-Hessel,http://greenfelder.net/ea-reprehenderit-suscipit-animi-corrupti-voluptas-saepe,"Word Processors and Typist",olive,1975-04-29,luettgen.anissa@vonrueden.com,EII@7_LU
a1dc8331-1dfa-3a50-9050-5cd072899e92,Prof.,Shawna,Weber,"62 Herman Run",Marikina,Lipa,Colorado,Fiji,782-998-841,785-491-134,"Bosco, Farrell and Bernhard",http://www.nicolas.com/similique-voluptatem-officiis-ipsum-sit-consequuntur,"Farm Equipment Mechanic",aqua,1993-07-18,rice.camila@yahoo.com,Ux%;)o
36b7a378-fb62-31b3-9d8f-e883aad4ba5a,Mrs.,Anthony,Berge,"87 Zboncak Bridge Suite 197",Urdaneta,Tandag,Alaska,Iran,022-364-729,977-622-752,"Marquardt, Pfannerstill and Tremblay",http://kertzmann.com/qui-aliquam-voluptatum-sit-animi-ut-dolorem-id-vitae,"Power Plant Operator",purple,2019-06-06,oren91@okon.com,M4~<hmYs<h&399+
e8a0a247-e577-33eb-a1e9-e21085b2ed25,Prof.,Wilburn,Greenholt,"46/47 Collier Union",Toledo,Guihulngan,Tennessee,Micronesia,684-818-170,903-207-096,"Sporer, Halvorson and Boyle",http://www.shields.biz/eaque-sed-unde-aliquam-eligendi-nam,Trainer,aqua,1983-01-16,xcremin@hotmail.com,xVZJv+
f3218229-dc23-3003-9526-3815d32a57d4,Dr.,Raymond,Swaniawski,"90A/57 Mayert Underpass Suite 060","Surigao City","San Pedro",Connecticut,Bangladesh,318-267-127,541-006-749,Leannon-Hintz,http://www.anderson.com/,Geoscientists,yellow,1987-06-15,maribel.pagac@gutkowski.net,"96=DSh\Nw]w:"
480eb7bc-1251-31c3-8cfe-81f81b281ef1,Miss,Gregoria,Gleason,"72/97 Yundt Mills Apt. 933",Legazpi,Dipolog,Illinois,Djibouti,601-001-103,730-825-953,"Langosh, Beer and Russel",http://becker.com/facere-consequatur-iste-error-et-tempora-iusto,Lawyer,yellow,2019-04-09,jarrett40@blick.info,VkOZkqHUH|bY}
23e50fe6-1a4b-3f14-ba57-7c59b2f6264d,Prof.,Jayce,Schamberger,"67/50 Turner Green",Marikina,Toledo,Maryland,Kuwait,961-875-146,843-402-054,"Schaefer, Barrows and Flatley",https://www.ebert.com/quia-laudantium-in-odio-dicta-hic-iure-qui,Taper,teal,1983-07-20,aurelio36@yahoo.com,F4Q8_Y
c222f124-1a3f-3b8c-9878-e929f6265dc0,Mr.,Merritt,Quitzon,"78A Turcotte Knoll",Malolos,Kabankalan,"New Mexico",Lithuania,584-065-674,969-573-627,"Franecki, Upton and King",https://www.roberts.org/suscipit-consequatur-eum-ducimus-numquam-voluptas,"Gaming Service Worker",teal,2001-08-09,audreanne.breitenberg@hotmail.com,vzwDrfb553I
fb8be889-da28-3f13-b776-960806e985c1,Mrs.,Oceane,Kemmer,"69 Reinger Village",Valenzuela,Tagum,Texas,"United States Minor Outlying Islands",541-135-098,948-850-878,"Baumbach Group",http://www.beier.net/,"Museum Conservator",blue,2019-06-10,laverne.lockman@baumbach.info,H(YW7v9ta=
c145b561-4bbe-308c-ba84-24a9fbe2b87c,Prof.,Giles,Mraz,"03A Hodkiewicz Ports Apt. 682","La Carlota",Lipa,Massachusetts,Macedonia,555-597-665,076-974-463,"Goldner Ltd",https://www.greenfelder.com/laboriosam-odit-enim-numquam-fugiat-repellendus-ipsum-qui,"PR Manager",yellow,1976-10-30,chasity49@gmail.com,"cX:Myu0(B\B'Pa4H!.%"
7196190f-19d6-3f4c-abe2-8d07b113ab96,Ms.,Sedrick,Crooks,"37A/51 Rippin Port",Malaybalay,Ligao,Vermont,Niue,031-756-587,736-375-204,"Feil, Welch and Leuschke",http://www.corwin.com/distinctio-ullam-modi-qui-enim-dolores-illo-cupiditate,"Letterpress Setters Operator",maroon,1977-08-16,kavon76@hotmail.com,"qVy""Ipzv+>fIlVh7a\"
538debb5-4a6a-3b47-8c25-51563109796a,Ms.,Angelita,Kerluke,"92A/31 Trantow Island",Malabon,Butuan,Massachusetts,Korea,840-360-507,508-392-650,"Conn, Reilly and Robel",https://www.gaylord.com/vitae-optio-ex-qui,Sociologist,purple,2015-08-05,ike49@legros.biz,f4)ZZUmcM1udq]0+/eS
c1fe803c-e461-3cd2-b274-fa3cea1551b1,Mr.,Ray,Kuvalis,"78 Terry Spring",Palayan,Talisay,Utah,Turkey,271-402-595,645-046-451,"Mann, Gusikowski and Block",https://kemmer.net/est-deserunt-odio-voluptatem-voluptatum-tempore-rerum.html,"Dental Hygienist",purple,1982-04-12,domingo.hartmann@raynor.info,"-Qost(_C=@""VIY9ftH"
8acbf60c-9ea7-3999-ba80-6ce1b543c647,Mr.,Raquel,Kemmer,"37 Ryan Branch Apt. 399",Sagay,Naga,Ohio,Philippines,217-031-583,851-635-315,"Sauer PLC",http://frami.com/omnis-placeat-commodi-voluptas-qui-tempore-perferendis.html,Surgeon,lime,2021-05-01,bernita.haley@gmail.com,J=PBc1a
9c581ba6-4958-3c92-8dc5-532ceec64a20,Prof.,Weston,Hills,"81A/03 Gutkowski Rue",Kabankalan,Batac,Minnesota,"Palestinian Territories",539-315-411,298-139-900,"Koch LLC",https://torphy.net/dignissimos-repudiandae-magnam-voluptas-et-nobis-sint.html,Actor,gray,2010-03-20,octavia.jenkins@boehm.com,n^b6BP;n!j;Y
cd25846b-e5c9-3b93-81cf-170da8716e11,Prof.,Tyreek,Schowalter,"90/52 Wintheiser Union",Bacolod,"Santa Rosa","New York",Micronesia,441-940-581,122-144-548,"Schaden, Gorczany and Lakin",http://trantow.com/,Baker,yellow,2011-07-23,jakubowski.dariana@gmail.com,"|!OI\T"
5699a16f-e84a-3c21-a972-f3aaf57abb08,Prof.,Josue,Blanda,"51 Wilkinson Forks Suite 121",Malaybalay,Bago,"North Carolina",Kuwait,518-725-585,297-776-552,"Kozey, Greenholt and Langworth",https://veum.com/esse-repudiandae-a-et.html,"Photographic Restorer",maroon,2014-07-29,juana.batz@stoltenberg.net,)iJ^6m8<Ul
d45db7ef-b8bc-3c99-b640-89024b52c3b2,Prof.,Brandyn,Predovic,"45A Jakubowski Stream Suite 967",Ilagan,Mandaue,"North Dakota",Romania,302-659-326,496-187-334,Veum-Herzog,http://www.franecki.org/atque-voluptas-exercitationem-occaecati-quam-doloribus-recusandae-libero,"Advertising Manager OR Promotions Manager",blue,1978-06-27,schuppe.aniya@legros.com,a@0nv<c5
329c59af-1c7f-3175-90c4-464ed4b9f05a,Prof.,Lelah,Keeling,"63/90 Wyman Lake Apt. 793","Sorsogon City","Cagayan de Oro",Washington,"Hong Kong",952-721-325,252-345-235,"Luettgen, Cummerata and Nicolas",https://www.mann.com/voluptatem-quaerat-ea-est-fuga-repudiandae,Professor,lime,2000-01-30,mariana.kling@williamson.com,O|rAx]#id5M
adb48d73-231f-3254-ac22-0545128cbbbc,Prof.,Arjun,Schaden,"46 Pagac Ridges",Candon,Dagupan,Georgia,Guam,930-197-785,094-853-047,Lehner-Abbott,http://www.waters.org/animi-aliquid-iste-eius-quo,"Pastry Chef",yellow,2009-08-19,spinka.doug@king.info,"na2S1,FFz2Q4I#"
e3d6fcc7-fcdd-377d-bf56-f0c573c82b22,Dr.,Niko,Feil,"23 Zieme Radial Apt. 953",Laoag,Tanjay,Louisiana,"Hong Kong",486-578-493,727-329-790,"Deckow Group",http://www.lehner.info/,"Motorcycle Mechanic",silver,1992-12-27,davin.keeling@yahoo.com,px_]`_NSRujKuhK
32308559-9d97-3a12-9bcb-e22807f6c107,Mr.,Fanny,Boehm,"36A Kuhn Corners",Bislig,Dagupan,"New York",Maldives,825-817-844,517-530-142,"Wuckert, Orn and Rempel",http://donnelly.com/provident-dicta-ducimus-molestiae-excepturi-aut-sunt,"Material Moving Worker",blue,2003-11-21,armstrong.sylvan@blick.com,tc}(X~.s=KLPP
b6694d69-00b0-3543-9281-2a9b1456e5f5,Prof.,Pierre,Schmitt,"61/37 Conn Lock",Baguio,Sipalay,Vermont,France,775-966-315,984-476-845,"Lindgren Group",https://www.terry.org/vel-omnis-quos-quia-quis,"Medical Records Technician",purple,2020-09-01,patrick00@fritsch.info,"0}=^iKX""(3sdXDgKQrYv"
8e47f721-89f8-33ad-8ccc-c89c28ef1f46,Prof.,Wyman,Collins,"67 Batz Curve",Tagbilaran,Dasmariñas,Michigan,"American Samoa",635-117-417,941-499-996,"Huel and Sons",http://wolff.info/ut-quod-exercitationem-quibusdam-porro-culpa-officia-molestiae-et.html,"Transformer Repairer",purple,2020-05-28,fokeefe@mclaughlin.biz,$G+J6L#Xya`UU
31397482-462e-3504-9910-3f946ff561bb,Prof.,Diego,Beatty,"51 Hodkiewicz Mountain","Cagayan de Oro","San Carlos",Iowa,Cuba,263-396-470,839-442-874,Bode-Green,http://bartoletti.com/magnam-tempora-et-itaque-rerum-eaque-rerum-dolor,"Private Detective and Investigator",blue,2007-08-11,raegan88@hotmail.com,_LSf+0Frb*O~pbfCZ(
67c2764b-cf3b-32c6-818b-8e20525b60b7,Dr.,Olga,Harber,"42A Hills Squares","Cagayan de Oro",Samal,Michigan,Nicaragua,793-942-739,493-802-256,Hodkiewicz-Monahan,http://moen.net/similique-accusamus-nobis-dignissimos-quam-autem-sed-dolorum,"Executive Secretary",gray,1977-02-17,eleanore.lakin@yahoo.com,+-+@'@
f7694444-f69e-3ebf-abcf-3f3603fda2d3,Prof.,Sandra,Vandervort,"60A/75 Thompson Creek Suite 588",Tacurong,Carcar,Arkansas,"Puerto Rico",384-542-223,058-783-148,"Smitham, Hahn and Jacobs",https://krajcik.com/molestiae-labore-unde-esse-blanditiis-magni.html,"Personal Service Worker",fuchsia,1971-04-04,zwill@gmail.com,C/_XM9Mf:
dbdce8e5-2487-3a20-a0f3-33c3abe7084c,Prof.,Lexie,Kihn,"45 Johnston Drives",Tagaytay,Bislig,Michigan,Barbados,418-368-128,586-934-601,"Zieme, Toy and Kassulke",http://www.gleichner.com/debitis-error-laudantium-officiis-ut-omnis-eos-excepturi,"Gaming Surveillance Officer",silver,2023-09-16,rosemarie39@yahoo.com,"/w\f7/lb~pG"
806d94f1-1d45-306c-b428-298169134440,Mrs.,Gabrielle,Harber,"31A/85 Flatley Alley","Cagayan de Oro",Cabuyao,Arizona,"Isle of Man",482-504-735,812-804-096,"Olson, Stokes and Little",http://www.kunze.biz/qui-dolore-aperiam-eum-neque-accusamus-rem-et,"Rotary Drill Operator",black,1987-12-15,lwuckert@gmail.com,nR9U1w`qD7
70bc1f61-0042-36bb-8535-c0dd48c4611a,Prof.,Shaniya,Crona,"31A Bruen Village Apt. 716",Bacoor,Silay,Oklahoma,Maldives,876-989-922,916-529-905,"Mohr and Sons",http://www.beahan.com/,Janitor,silver,1995-06-19,myles77@jones.com,rIN};U}u_bnP|F1k;H
3aa12580-01d5-3817-85d0-3bfe90bf2b56,Dr.,Jaron,Kerluke,"41A/15 Hamill Road Apt. 881",Lipa,"San Fernando",Arkansas,Spain,116-968-535,660-337-779,Effertz-Bogisich,http://homenick.com/,Paperhanger,gray,1978-02-17,gconsidine@macejkovic.com,"@}z,fH3vVlU"
897bd671-bd1c-3dc6-a0d5-c5b2ec438d0f,Dr.,Magnolia,Collins,"96A/74 Reynolds Springs Suite 928",Carcar,"San Pedro",Tennessee,Senegal,716-530-357,358-840-735,"Schaefer, Bashirian and Kozey",http://www.hagenes.net/,"Occupational Therapist Assistant",blue,2000-12-04,ccorkery@zemlak.com,ZfaEtu
622f8db5-2598-382d-91fa-69b94a262edf,Miss,Ned,Mohr,"89A Predovic Drive",Tagbilaran,Lapu-Lapu,Washington,"Russian Federation",497-301-347,674-353-869,Ortiz-Pouros,http://osinski.net/,"Steel Worker",maroon,1972-05-22,georgianna.kreiger@hotmail.com,"-[b^(awX,D8"
c60b3843-3781-361f-813a-560d2fe5337e,Mrs.,Romaine,Jaskolski,"89 Wehner Falls Suite 658","San Jose del Monte",Ilagan,"New York","Slovakia (Slovak Republic)",907-416-573,357-688-037,"McDermott, Collins and Ryan",http://www.sanford.biz/perferendis-iure-dolorem-fuga-voluptatem-praesentium-deserunt,"Pipe Fitter",purple,2020-08-25,mccullough.sabina@howe.com,y24Sib
9cdecc85-8f34-308b-b521-14549b57edb8,Prof.,Laverne,Gerlach,"75 Jakubowski Parkways Suite 749",Himamaylan,"San Carlos",Maine,Jersey,611-725-846,503-554-465,"Shields, Leffler and Cartwright",http://considine.com/,"Carpet Installer",navy,1972-01-20,walker.virginia@gmail.com,cadv<X4X+*f/
5529cfb1-a3b6-31e7-b3ff-10f83555e1a5,Prof.,Bettye,Welch,"10A Franecki Estates",Tangub,"Las Piñas",Nevada,"Czech Republic",530-763-269,462-010-669,"Emard, O'Keefe and Hilpert",http://www.stiedemann.com/,"Plastic Molding Machine Operator",gray,2011-04-22,carlos51@yahoo.com,"/'TsZbgCMnJjt~0r=\x\"
de5014a8-483f-3040-9b24-fbd30fef2b22,Prof.,Garnett,Nienow,"63/67 Durgan Garden",Angeles,Cabanatuan,Alabama,Seychelles,775-788-698,744-240-087,Reilly-Jaskolski,http://www.botsford.net/qui-consequuntur-et-quasi-inventore-esse-adipisci,"Psychology Teacher",yellow,2019-02-03,darius.bergstrom@gmail.com,"<,gRB~@4qcZgEu!n}"
93dc3995-9a86-3805-882d-164c988d17be,Dr.,Nikko,Kemmer,"33A/60 Franecki Ferry Suite 678",Marawi,"San Carlos",Maine,Iran,909-402-462,686-410-310,"Larson PLC",https://www.kertzmann.biz/quo-quisquam-optio-provident-asperiores,Janitor,teal,1975-03-30,sierra78@yahoo.com,Wz9bW'+S6
2c27458d-5c9b-3369-9114-5828b7559470,Miss,Abigail,Harber,"51 Goodwin Lane",Lipa,Malolos,Louisiana,"Papua New Guinea",151-866-566,022-134-958,"Howell Ltd",http://beer.com/et-eveniet-voluptatum-quia-autem-aliquam-autem,"Sawing Machine Operator",lime,2021-03-18,briana97@hotmail.com,"E4awcX\vsCJ9[I>=`>y"
d9f49d4a-d82f-3d25-8092-b35204079d16,Prof.,Irwin,Gaylord,"63/22 Grimes Knolls",Urdaneta,Malolos,"South Carolina",Italy,773-546-615,219-083-289,"Morar LLC",http://pacocha.net/voluptate-excepturi-enim-iste-quod,"Nuclear Technician",silver,2012-09-10,okuneva.santos@gmail.com,"+Sh#<[""J{-_VL"
587cf125-5b94-314c-9c29-7a3ec92fd981,Prof.,Mackenzie,Powlowski,"56/61 Hegmann Haven Apt. 082","Sorsogon City",Angeles,Idaho,Spain,449-072-795,097-235-944,"Reichel, Russel and Schinner",http://www.jenkins.com/et-magni-ut-et,"Mixing and Blending Machine Operator",gray,1973-04-28,nkeebler@hotmail.com,+)$NplvL5WN3C/
7be2d491-ab44-3294-a8fc-8a961c786068,Prof.,Gabriella,Beahan,"69A Kuhic Parkway",Candon,Vigan,Alaska,Peru,248-325-840,943-455-749,"Jacobi, Vandervort and Cole",http://bogan.com/,Engineering,green,2003-04-16,davion78@sawayn.com,+TTLg_?q+;w
69da47fe-75e2-3f71-9592-8071cfe05677,Mrs.,Kira,Swaniawski,"21/89 Franecki Camp Apt. 381",Tangub,Bais,Texas,"Antigua and Barbuda",552-975-919,243-462-209,"Langosh Group",http://crist.com/qui-hic-et-numquam-quia-doloribus-animi-laborum,"Foundry Mold and Coremaker",teal,1995-03-30,bins.jayne@konopelski.info,kyA#siN7`fZ
43b60bd3-8e12-37b6-9928-4089b73346fb,Dr.,Savanah,Roob,"20 Windler Lake","San Fernando","El Salvador",Michigan,Algeria,139-485-778,993-593-071,Bechtelar-Kunde,https://www.senger.com/similique-quidem-maxime-deleniti-consectetur-quisquam-et,"Forensic Investigator",blue,2002-02-18,raven86@hegmann.com,Z_DgF}
50f230b0-7cfb-35df-a154-0ecb15f0a2d9,Mrs.,Katlyn,Wyman,"47 Kessler Fords",Angeles,Calamba,Virginia,Malta,227-071-631,372-438-348,Schaefer-Haley,http://www.ledner.net/,"Railroad Inspector",yellow,1981-01-18,nstroman@upton.com,DW`mb8$b2S5?
e4c4cf2e-e930-383c-aeae-98525418136e,Mr.,Columbus,Gislason,"99A/71 Hodkiewicz Mews Apt. 814",Ozamiz,"Trece Martires","District of Columbia","South Africa",982-442-186,191-486-742,Bradtke-Conroy,https://deckow.com/libero-explicabo-sit-asperiores-aliquid-expedita-fugiat-possimus.html,"Refinery Operator",yellow,1979-10-13,peter24@waelchi.com,VR&9N+@}
97c77ccc-5567-3679-8578-5c3430d9bc48,Dr.,Laurine,Kozey,"80/20 Koepp Fall",Kidapawan,Palayan,Florida,"Holy See (Vatican City State)",491-703-585,185-444-176,"Sauer and Sons",http://www.williamson.info/deleniti-illum-qui-et-voluptatem.html,"Industrial Engineer",black,1988-10-18,kstanton@schinner.com,"bj[9""/!5fN"
28a09008-1f12-3d98-a525-9ef3d94a75bc,Mr.,Minerva,Blanda,"44A Roberts Drive","Masbate City",Pasig,Nebraska,Honduras,151-030-805,399-749-422,"Runolfsson, Hackett and Harris",https://tillman.com/corporis-quisquam-et-facere-nesciunt.html,"Structural Iron and Steel Worker",purple,1980-04-13,janae.champlin@yahoo.com,",|rO0fzPcPE["
36641a49-6eca-3344-b4a4-918f2f8b5e57,Prof.,Anita,Fisher,"47/94 Abshire Road",Oroquieta,Borongan,California,"Antarctica (the territory South of 60 deg S)",686-117-840,216-297-729,"Zboncak LLC",http://crooks.org/,"Glass Cutting Machine Operator",aqua,2004-08-09,ahudson@mosciski.org,r7NGtx-%]9]&M6~S$${6
c87449db-de49-3b60-ba35-513eb20bde2c,Prof.,Anais,Emard,"81/33 Hirthe Cliffs",Baguio,"San Carlos","South Carolina","Marshall Islands",036-840-736,684-631-155,"McCullough PLC",http://www.mante.com/voluptatum-perferendis-quaerat-quia-ex-impedit-dolor,"Legal Secretary",gray,1970-10-11,hand.clint@yahoo.com,%^G3?1>A8
418d57b3-3615-3596-b724-f485d8122e93,Prof.,Brooks,Effertz,"53A/44 Krajcik Corners Suite 433",Olongapo,Bogo,Vermont,Ecuador,754-574-145,661-903-730,"Flatley, Little and Labadie",http://www.padberg.com/ut-est-autem-maiores-ut-blanditiis.html,Baker,silver,2004-02-26,hamill.mossie@glover.org,"Q=(=0uNn%;)Sj,4O}A"
a90780d4-d524-3e4b-82fa-124e7ee5f516,Prof.,Augusta,Grant,"50 Considine Heights",Bayugan,Calapan,"New Mexico","Libyan Arab Jamahiriya",264-089-729,384-007-770,"Langosh, Hoeger and Shanahan",http://yost.com/perspiciatis-quaerat-vero-debitis-quia,"Precision Aircraft Systems Assemblers",maroon,1999-03-28,garfield.wunsch@yahoo.com,l@#G>`3/sg.Q
7e90bb51-c403-3886-9284-e37dc163798a,Miss,Theodore,Kemmer,"14/73 Goyette Cliffs Apt. 462",Calapan,"San Fernando",Montana,Canada,301-855-559,880-396-520,Rice-Lindgren,http://www.runolfsdottir.com/omnis-dolore-quasi-repellat-ut-culpa-sit,"Highway Maintenance Worker",green,2005-04-08,jabari39@walter.com,"3<xLF,'{n)vdW@Bm-ba"
5c64c575-aaf6-31c1-b44c-0e3e76a920e5,Prof.,Iliana,Zboncak,"69A/83 Hudson Lakes",Dagupan,Bogo,Virginia,Cuba,040-291-927,241-892-073,"Mante, Kerluke and Marvin",http://reilly.org/,"Technical Writer",green,2003-11-14,lorenz.marquardt@hotmail.com,S(8lv^I/bsts{Qk
03cd3bdc-891b-3d19-b2d0-3730772d15d4,Prof.,Erin,Yundt,"16A/72 Heller Falls Apt. 102","San Fernando",Olongapo,Ohio,Iraq,439-792-193,125-602-037,West-Ernser,http://www.hirthe.com/,"Aircraft Structure Assemblers",maroon,2005-12-27,kemmer.rory@gmail.com,x2<8^Y
8f506fc7-69c0-3459-b22b-1c5e8ce4c05c,Prof.,Kris,Christiansen,"97A/64 Krajcik Club",Batac,Talisay,Texas,Jamaica,461-527-380,874-004-502,"Krajcik Ltd",http://www.littel.com/occaecati-assumenda-earum-odit-perspiciatis-veniam-iste-nobis,Sailor,maroon,1986-04-18,wiegand.dane@yahoo.com,"!<l""GJ#$VgOv^Qibz"
a68c292a-2750-3fba-b944-690d99998f36,Prof.,Joana,Feeney,"29/59 Torphy Flats Apt. 265",Dumaguete,"Cavite City",Colorado,India,270-274-185,340-627-749,"Windler, Conn and O'Connell",http://www.schamberger.com/nihil-nihil-deserunt-adipisci-impedit-sed,CEO,aqua,2011-07-25,homenick.santos@stoltenberg.com,xi0r{i5ZN_3L5/s7
a2c13e0b-b8e1-3057-80f0-a7e93c544186,Dr.,Frida,Lubowitz,"14 Hand Glens Suite 479",Meycauayan,Koronadal,"South Carolina",Myanmar,691-501-608,741-904-094,"Heathcote Group",http://www.osinski.biz/nemo-quod-et-aliquid,"Reservation Agent OR Transportation Ticket Agent",olive,1976-07-11,upagac@yahoo.com,%a{3bKJ
c2454ad5-593b-3a6a-acc2-11eaa1ddf85e,Prof.,Randall,Cruickshank,"47/87 Frami Road","Batangas City",Balanga,Georgia,Poland,176-179-423,427-850-684,"Beer, Ledner and Goodwin",http://www.schaefer.info/eos-expedita-ut-doloribus-eos-et-rerum-labore,"Heat Treating Equipment Operator",olive,1995-11-12,eula26@swaniawski.com,"d\G85!S0:jG!cOG9tVx"
a12c2076-2f49-3a81-b491-83be04ee3e52,Mrs.,Luther,Mueller,"11A/30 Greenholt Shoals",Maasin,"Zamboanga City",Arkansas,Andorra,439-448-630,902-840-055,Runolfsdottir-Gleason,http://daniel.com/in-cupiditate-qui-ad-facere-et-delectus-quasi.html,"Vice President Of Marketing",white,2010-04-15,zfeeney@gmail.com,*QjgssTqN%Z5VzE-y1QJ
56a309c3-d910-3743-986b-6c9467fd0915,Dr.,Kaci,Haag,"14 Dickens Union Apt. 528",Lipa,Tabaco,Massachusetts,"Sao Tome and Principe",362-373-615,490-811-482,Langworth-Boehm,http://turner.com/,"Nursery Worker",green,2014-12-28,qlangworth@hotmail.com,o0:f=I}l
5a9fcdae-dd73-3097-a4d7-8b26819d7e16,Dr.,Yvette,Rohan,"05A/20 Hagenes Trail",Sipalay,Victorias,"Rhode Island",Mauritius,036-450-990,975-826-363,"Herzog Group",http://www.wolf.com/voluptas-doloribus-in-expedita-sint,"Chemistry Teacher",silver,1986-05-28,dosinski@gmail.com,LmP_Me
b795d3b4-a337-318d-b24c-6bb4ec8175c8,Mrs.,Dorthy,Homenick,"64/76 Konopelski Shoal Apt. 849",Muntinlupa,Baybay,"Rhode Island",Madagascar,309-592-701,463-020-469,"Glover, Walker and Jenkins",http://kertzmann.org/,Patternmaker,aqua,2005-03-29,amurphy@yahoo.com,4(KKJFP.Lu/9!lKq]Qo
1ff51e1f-1da6-3452-b371-99d328ff40e1,Mr.,Mariana,Hayes,"80A Lowe Course Apt. 780",Lapu-Lapu,Mabalacat,Virginia,Botswana,184-214-989,461-525-164,Rath-Carter,https://www.balistreri.com/consequatur-rerum-reiciendis-ut-unde,"Director Of Marketing",yellow,1994-08-30,jessyca10@bahringer.info,T5B]%yr0{QB%DxPkxF
5b3a9d57-5356-3a6a-9cc4-2cb00ec5af5a,Dr.,Bartholome,Schoen,"52/90 Vandervort Light Suite 177",Digos,"San Carlos",Pennsylvania,Mali,233-040-165,250-232-572,"Lueilwitz, Murphy and Skiles",http://zboncak.com/exercitationem-deserunt-soluta-cum-quasi-in,"Shoe Machine Operators",fuchsia,2008-02-19,qwalter@hotmail.com,xC%y?>`t:_
2096e6c6-0860-31c1-9fcb-41c2a27297a7,Prof.,Kathleen,Corwin,"12/30 Bins Lodge Apt. 870",Caloocan,"Cebu City",Nebraska,"Faroe Islands",626-947-946,071-242-484,"Konopelski PLC",http://funk.com/iste-dicta-odio-fugit-nulla-inventore-error.html,"Extruding and Drawing Machine Operator",blue,2023-12-15,collins.ashley@hotmail.com,"_n`6%)'%""YOg!`%pQ&B"
82580c3e-0be8-32a4-8748-fb7a9905240d,Mr.,Jonatan,Jones,"26 O'Connell Place Suite 467",Ligao,"Quezon City",Nevada,Bangladesh,000-850-220,264-885-801,Robel-Walter,http://wiza.info/inventore-ut-eaque-ducimus-rem-cupiditate-aliquam-exercitationem-tempora.html,"Human Resource Director",silver,1982-10-04,chase88@kiehn.net,"$VDN{,"
3394e732-7ca9-39be-90ab-9235512c1962,Ms.,Jimmy,Champlin,"46/45 Legros Stream",Oroquieta,Gingoog,Kentucky,Australia,001-984-098,697-467-872,"Schaefer, Sporer and Dare",http://waelchi.com/rerum-ut-ratione-eos-perferendis-laudantium-quisquam-sit.html,"Machine Tool Operator",aqua,1977-09-10,madge06@gmail.com,"}ps~tYpf\8qgw,US+"
601a8677-21a2-394c-9176-afcb4e0a826d,Dr.,Ismael,Wuckert,"07A/01 Nienow Park Suite 247",Gingoog,Kidapawan,Oklahoma,Germany,097-013-453,913-667-211,"Wilderman, Lind and Kris",http://kassulke.net/tempora-similique-maxime-quibusdam-qui-laudantium-nemo-eos.html,"Electronics Engineering Technician",teal,2005-02-24,cruickshank.arlo@hotmail.com,8J44!0
6ba3ab07-9d1f-39f8-802b-44a90857dfaf,Prof.,Americo,Balistreri,"10A/27 Pfeffer Shore",Valencia,"San Juan","North Dakota",Portugal,775-973-387,417-030-226,Pfeffer-Bauch,https://www.rohan.com/illo-laborum-porro-enim-quaerat-expedita-libero-totam-mollitia,"Coremaking Machine Operator",white,2017-08-24,qpredovic@gmail.com,A=~XS'7)Uw)9u(#w}f
d0b8f6aa-b6b8-30e6-abd0-44b481831676,Ms.,Frederik,Barrows,"79 Hagenes Valley","Masbate City","El Salvador",Florida,Mexico,743-272-698,135-104-042,Lehner-Cole,http://treutel.com/consectetur-quo-iusto-ipsum-quaerat-officia-ut-eum,"Physical Scientist",olive,1989-07-30,buckridge.bridie@gmail.com,"L7,9/QF,X^yQ!V~:"
0122d18d-01f6-32c4-a974-fae7e6060246,Dr.,Katlyn,Oberbrunner,"39/76 Roob Alley Suite 805",Bayawan,Vigan,Oregon,Jersey,345-038-067,599-617-131,"Schneider, Hudson and Bins",http://www.king.org/maxime-non-sit-earum-repellat-odio-rerum,"Gas Distribution Plant Operator",purple,1989-11-05,qankunding@gmail.com,"s1\&Hm_ekT\]1T"
2bf546bc-274c-39a4-a6b8-67e08d9f4f3a,Prof.,Bridgette,Farrell,"11A/79 Jenkins Via",Candon,Kabankalan,Colorado,Japan,273-143-875,231-065-003,"Wilderman Ltd",http://wilkinson.biz/,Economist,fuchsia,1987-09-09,brando48@zieme.com,Mu-/J(t2H+Qb}_
0155da59-466b-3d49-aa90-ed2b9e2225af,Ms.,Josue,Kshlerin,"68A Leannon Mall","San Fernando",Calamba,Texas,Haiti,339-485-517,356-069-075,"Fay, Hansen and Beer",https://bauch.biz/quod-voluptas-ut-exercitationem-cumque-eligendi-consequatur-ipsum.html,"Correctional Officer",black,1986-01-29,owen56@gmail.com,Dim=B-Vdn@uygrd
f3112134-f9fd-367d-ac1b-5bb46712ecdc,Dr.,Isaac,Sawayn,"26/72 Cartwright Inlet",Meycauayan,Mandaluyong,Alabama,"Saint Vincent and the Grenadines",355-863-012,809-011-916,"VonRueden, Johns and Parker",https://ernser.net/dolor-et-natus-molestias-a-quaerat-optio.html,"Computer Specialist",fuchsia,1996-05-01,roel18@hotmail.com,q%I&Ke2
b9f6eb86-d460-3645-8906-82db7bdf42c9,Ms.,Grant,Breitenberg,"44A/11 Boyer Pine Apt. 479",Digos,Victorias,Colorado,Montenegro,038-200-697,012-074-083,"O'Hara PLC",http://rodriguez.com/repellat-laboriosam-temporibus-id-numquam.html,"Operating Engineer",yellow,1975-05-12,windler.aileen@shanahan.org,SA+q1d{nTa]2lAs
fc91174f-63e0-307f-b9d7-441f3d993195,Dr.,Lila,Barrows,"38A/62 Nienow Shores","Cotabato City",Balanga,Montana,"Central African Republic",986-036-640,096-850-784,"Nienow Inc",http://www.brekke.com/sint-natus-amet-sit-harum,Gauger,yellow,1994-10-20,wromaguera@glover.com,"9,Kzl_J9"
94027435-2c50-3fa7-b717-18e82984f13d,Ms.,Olga,D'Amore,"36A Gulgowski Summit",Calamba,Navotas,Pennsylvania,Mongolia,608-181-666,473-618-819,Predovic-Ernser,http://www.rice.org/labore-alias-doloremque-mollitia-in-omnis-a-doloribus.html,"Plating Operator OR Coating Machine Operator",white,1991-08-15,noemy.homenick@hotmail.com,B$7N2WzF
d3816134-5c7c-32ef-88d8-a39fcc3eff3c,Mr.,Jazmin,Hill,"24A/95 Shields Views",Palayan,Tanjay,Maryland,Guinea,253-972-839,316-890-184,"Stiedemann, Towne and Schimmel",http://www.bogan.com/atque-similique-quod-maiores-blanditiis-placeat-sunt,"Underground Mining",teal,2005-03-20,oconner.delmer@gmail.com,#bP{rl5Cs.]?4
0dc354c2-223b-392a-9265-933e5e41183b,Ms.,Urban,Altenwerth,"07A Ziemann Islands",Lapu-Lapu,Malolos,Vermont,Rwanda,436-721-132,467-957-919,"Klocko, Schumm and Hoeger",https://flatley.biz/et-eligendi-reprehenderit-perspiciatis-iure-eos.html,"Health Educator",olive,2010-12-01,shanelle.gutmann@yahoo.com,_{0JB1')I/c/rPU_
71fe1a2b-ba16-3ebb-9268-63a01ae6282a,Prof.,Myrtie,Walter,"59A/45 Beahan Square Apt. 059",Valenzuela,Bacolod,Idaho,Guernsey,375-784-141,658-650-383,Jenkins-Bode,http://www.turcotte.biz/cumque-non-nihil-impedit-quia-assumenda-aperiam-voluptatem.html,"Prepress Technician",olive,2001-01-16,gwendolyn61@gmail.com,"LUlm*)SY_,}t\z9""_"
8604df78-4be5-3666-b184-bbbf04cb797a,Dr.,Josie,Stoltenberg,"45/99 Smith Locks",Catbalogan,Manila,Kansas,Martinique,207-803-119,345-925-174,"Kessler, Weissnat and Nikolaus",http://www.corkery.com/est-a-ea-quas-sed-molestiae-voluptatem,"Protective Service Worker",black,1985-10-20,rosa.yost@kuvalis.org,tN7N/b}w'1E
66c70f48-2447-3683-b092-b571a471b8a1,Mr.,Maximus,Walter,"95 Dooley Mountains",Ozamiz,Tagaytay,Tennessee,Iceland,251-170-116,958-255-598,"D'Amore, Funk and Kessler",http://www.deckow.biz/et-expedita-voluptas-non,"Drywall Installer",black,1984-10-20,beahan.margarita@windler.org,"?it|3#%6EY\Uoz1-~+v7"
530594de-00e1-3657-b9c8-2184b3032080,Dr.,Brenden,Cummerata,"61 Braun Union Apt. 764","San Carlos",Malaybalay,Nevada,"Netherlands Antilles",618-165-824,668-221-119,"Kling, Volkman and King",http://crist.info/,"Police and Sheriffs Patrol Officer",aqua,2014-11-26,friesen.erika@yahoo.com,bLy&vL71a/Jzn
0ca24ae2-c091-3e9f-8aef-f40f84d6ac2b,Mr.,Hertha,Parker,"05A Marvin Garden",Butuan,Antipolo,"South Dakota",Comoros,386-398-673,264-703-635,"Spinka, Kub and Hegmann",http://gislason.com/,"Recyclable Material Collector",blue,1993-07-17,dorothy10@johns.com,d_BAkhJZog;/3
7feacf84-6a75-3f3c-b4e0-fb9a22897f43,Ms.,Margaretta,Davis,"62/31 Dooley Course",Passi,Oroquieta,Oklahoma,Macao,795-415-848,855-083-269,"Stoltenberg and Sons",http://von.com/rerum-minus-molestiae-necessitatibus-et,"Annealing Machine Operator",maroon,2001-07-20,nswift@yahoo.com,r~:Chq5#{86jga
05aa64cf-55ea-3f46-8346-3ba7a21c793d,Prof.,Chanelle,Schaden,"17A Hansen Expressway Suite 568","Puerto Princesa","San Fernando",Florida,"British Indian Ocean Territory (Chagos Archipelago)",140-283-639,821-421-260,Larson-Wyman,https://www.erdman.biz/dolores-quas-id-inventore-qui-modi-quas-dolore,"Metal-Refining Furnace Operator",olive,1999-09-24,mcglynn.macie@hermann.net,:uSdY$/?ZFF
a46086eb-9349-31dd-8ba0-ba70050d8c6a,Prof.,Mike,Trantow,"16/24 Tromp Orchard Apt. 742",Candon,Pasay,Mississippi,"Saint Helena",004-206-512,002-240-366,"Rohan, Haley and Maggio",http://oconner.info/dolore-voluptates-dolore-voluptas-cum-et-quam-et,Bookkeeper,blue,1974-12-04,jenkins.violet@hessel.org,zkYgv&]]78`34gOqe`f
287be7d1-41d2-3551-b25d-7d486bfd8fe3,Dr.,Colten,Hodkiewicz,"56 Bashirian Centers",Tanjay,"El Salvador",Maryland,Eritrea,211-608-245,181-461-316,"Wilkinson Group",https://www.effertz.com/assumenda-quisquam-sed-quod-distinctio-enim-tempore-qui-tempora,"Electric Meter Installer",maroon,2014-10-07,funk.conner@smitham.biz,"VoI^TxDC!C,Fn"
c8d93954-7e69-3166-9398-711cc8ba5e2f,Dr.,Mariane,Abbott,"33 Bailey Port Apt. 197","Puerto Princesa",Muñoz,Minnesota,Nauru,455-540-950,006-590-281,"Greenholt LLC",http://rice.com/deleniti-autem-harum-nemo-itaque-expedita-officia-deleniti,"Chemical Equipment Operator",silver,1981-03-20,pgleichner@bayer.info,BrEj?a7AkW'4w`&
c9f19001-5f05-38e9-9215-6e26f56b42a6,Prof.,Isobel,Mayert,"24A Collier Isle",Maasin,"Cagayan de Oro",Indiana,Tajikistan,375-674-145,668-332-084,"Witting Group",http://www.kuvalis.net/quo-dolorem-eum-dolorem-beatae-quam-eaque-eum,"Food Preparation",black,1980-12-19,vivian78@fahey.info,"\Q+F}n\*"
38658ed8-f4b7-30c3-930c-a9e8a5c0958f,Prof.,Elva,Gaylord,"45 West Summit",Tanauan,Pagadian,Arizona,Brazil,641-569-464,562-759-170,Kertzmann-Orn,http://reinger.org/,"Engineering Technician",green,2021-05-22,zieme.hipolito@hotmail.com,"3a82,H"
65b9933d-583a-3203-96e1-8546ffbdc9fb,Dr.,Alan,Pacocha,"60/22 Hoeger Camp",Lucena,Ormoc,Louisiana,Palau,653-994-332,373-226-708,"McKenzie Inc",http://greenfelder.com/veritatis-doloremque-omnis-consequuntur-eligendi-sint-consequatur-sunt,"Makeup Artists",maroon,2013-05-13,lokeefe@gmail.com,0:g:+6{38S[5Ez
37e55150-e308-3d2c-9bf4-00563967e774,Dr.,Deangelo,Huel,"10/36 Kuvalis Greens Apt. 504","San Fernando",Lipa,Washington,"Hong Kong",412-629-335,144-855-835,"Gaylord, Stroman and Becker",http://larkin.com/in-eum-voluptatem-consequatur-ad-blanditiis,Musician,black,2019-01-06,marielle74@yahoo.com,".#NfYZ""9"
474af08a-93b5-335d-bd49-1a4a9f5cc337,Miss,Erik,Dare,"86 Block Lodge",Bislig,Dagupan,"New Jersey",Samoa,057-412-308,021-835-924,Bruen-Windler,http://www.towne.info/et-laudantium-et-recusandae,Postmasters,blue,1989-01-08,hessel.consuelo@hotmail.com,/.G@UY
47c3c97b-f19e-34ce-adcd-e08000ab5350,Prof.,Ryley,Kozey,"40 Mitchell Plains",Dumaguete,Muñoz,Hawaii,Kenya,822-347-815,998-863-559,"Upton Group",https://www.schaefer.com/nisi-eveniet-qui-nihil-quos-at-accusantium,"Supervisor Fire Fighting Worker",purple,1972-06-16,aileen34@yahoo.com,$V9*0?D=BvXv
b15206b8-fcd6-3a45-be04-9deb897e1c50,Dr.,Karlee,Haag,"35A Fisher Turnpike Suite 551",Balanga,Roxas,Arizona,"American Samoa",409-509-392,378-882-364,Rowe-Daniel,http://skiles.com/quam-tempore-velit-commodi.html,"Veterinary Assistant OR Laboratory Animal Caretaker",olive,2013-07-09,ricardo32@nitzsche.com,xIzJMk7Ib_Q
f12239bf-dc27-33a1-b1ee-9e0ccb7da86c,Mrs.,Freeda,Schultz,"25 Parisian Greens",Bacoor,Tagbilaran,Kentucky,Indonesia,278-007-945,932-537-668,"Bergnaum, Carroll and Steuber",http://www.abshire.com/magnam-officiis-ducimus-at-ullam-est-qui.html,"Reporters OR Correspondent",olive,1982-08-28,aabernathy@wilkinson.com,"cPBF&w'uQ>}:UyhHk""x"
e734b43a-330d-3d49-ac73-9d2a098ec0ed,Mr.,Else,Prosacco,"17 Kiehn Pines",Candon,Mandaluyong,Connecticut,"New Zealand",013-640-171,103-263-224,Wilderman-Becker,http://toy.com/autem-molestias-itaque-qui-assumenda-provident,"Ship Carpenter and Joiner",olive,1975-03-18,arno.waters@hartmann.net,Z!->g[/j%`
3261a7e3-394f-3eb3-9308-ace7fe0e690d,Mrs.,Emilie,Schuster,"27 Hayes Wall","La Carlota",Palayan,Massachusetts,Japan,931-197-425,085-286-555,Cummerata-Baumbach,http://www.kiehn.info/est-qui-voluptas-error-asperiores-aut-voluptatibus-distinctio,Trainer,fuchsia,1971-07-28,renner.caitlyn@hotmail.com,PT4{q#
76665a04-63d6-3d14-9d41-e03eb2cab85e,Prof.,Maxwell,Wyman,"15A Kautzer Vista",Dapitan,"Davao City",Wyoming,Seychelles,676-804-578,838-866-354,"Friesen LLC",http://conroy.com/hic-est-magnam-exercitationem-a-et-libero-voluptatum,"Precision Printing Worker",aqua,2011-05-06,greenfelder.sigrid@crist.info,nS7[ZEeRR
4c021601-e452-3805-bda7-958566a3cfed,Mr.,Sallie,King,"78A/43 Ondricka Hollow Suite 325",Caloocan,Cabanatuan,Louisiana,Madagascar,649-482-159,330-349-676,"Bailey, Lind and Legros",https://pollich.com/sed-architecto-consequatur-est-quia.html,"Marine Cargo Inspector",black,1990-04-26,sstokes@ortiz.com,(ml&vI/T/A
84f3d5b5-3f30-3e85-99b1-b559b429b8b9,Prof.,Don,Schaden,"09A/15 Hoeger Ports",Canlaon,"San Jose del Monte",Hawaii,Morocco,368-435-061,858-271-107,Ruecker-Maggio,http://jacobson.com/,"Insurance Underwriter",purple,2013-02-16,vhand@torp.com,"uoMOR7z\M#]NXk6"
9b257d35-b7bf-3554-ab10-eb90c640cdc3,Ms.,Morgan,Boehm,"82/61 Hoeger Coves",Cadiz,Tanjay,Colorado,"British Indian Ocean Territory (Chagos Archipelago)",097-691-237,434-217-995,"Rowe Inc",http://www.grant.com/voluptas-aut-ut-id-est-sint-ut-quam.html,"Radio and Television Announcer",white,1979-01-01,orlando.lang@jacobson.com,"A""?uF?]o&*z;SAp0Y"
06577368-c4c4-3365-be7e-a5e23b58afc8,Prof.,Hulda,Flatley,"43A/08 Gleason Passage Suite 928",Lipa,Lipa,Nebraska,Suriname,463-814-686,517-325-663,"Marquardt, Dickens and Waelchi",http://www.labadie.com/nulla-quo-vel-sit-excepturi-tenetur-aut.html,"Financial Services Sales Agent",black,1996-05-01,kristopher15@gmail.com,">,qO+8RD"
22344414-4986-33ef-b87b-63ba9e599643,Prof.,Rhea,Dickinson,"27 Grant Gardens","Surigao City",Baybay,"South Dakota","French Southern Territories",570-358-002,557-426-072,"Lind LLC",https://www.kuphal.com/dolor-eum-iusto-et-eos-voluptas-est,"Production Manager",yellow,1976-01-15,rippin.alaina@skiles.com,YtXo3p|FskLK-|LjWj[
0fcd8906-7153-3352-96e1-130d448d3ec0,Mr.,Osborne,Hirthe,"72/13 Wyman Falls",Dumaguete,Bogo,Wyoming,"Cape Verde",085-883-557,449-670-832,"Gerlach PLC",http://www.harvey.com/nihil-esse-tenetur-ut-consequatur-amet,"Title Examiner",green,1994-11-28,ohara.sheridan@batz.com,lufCs8/W7=_<12uut13
863eaf40-42be-3786-bcc6-2ad3a3042780,Dr.,Jeanette,Miller,"69A Larkin Groves Apt. 635",Parañaque,Olongapo,Pennsylvania,China,103-824-387,538-317-676,"Von PLC",http://daugherty.com/ab-ipsum-non-consequatur-harum-eligendi.html,"Wholesale Buyer",yellow,2003-10-22,daniela.abshire@conn.com,9m[i_uy#S|l>qJ1K
0fade0d2-1f4b-340d-bc8d-633e3d4c2408,Dr.,Tobin,Grady,"63A/79 Schmidt Avenue","Cebu City",Digos,Iowa,Benin,207-788-261,960-970-640,"Johnston Group",http://lowe.com/debitis-consequuntur-quae-fugiat-omnis-expedita-ipsa-aut-neque,"Outdoor Power Equipment Mechanic",aqua,2005-02-08,colt.wisoky@hotmail.com,"aXM0^K4^""1#4v0m>63,"
79bbf4e5-ac49-35a4-80a8-059aed057880,Prof.,Vida,Bashirian,"45A/01 Jacobi Lodge Apt. 143",Legazpi,Baybay,Iowa,Benin,847-968-918,476-927-935,"Rowe Ltd",http://www.hermiston.com/tempora-vitae-quos-id-eos-et,"Public Relations Specialist",teal,2000-08-12,jamir55@brekke.com,dUR|Y4b
2dad2b17-7d8d-3206-8b9b-c4f9aa171fe1,Mrs.,Dayna,Heaney,"67A Witting Forks Apt. 417",Tacloban,Pasay,Iowa,"South Africa",502-819-355,244-371-428,Dibbert-Wiza,http://www.batz.com/et-ut-laborum-magni-dolorum,"Oil Service Unit Operator",silver,2023-12-03,sauer.tatyana@hotmail.com,g+x(376=='(/xdN&sjV
cbf2eedb-cd5d-37c6-8d2a-6c3d8faf1076,Miss,Mitchel,Price,"48 Bins Mountains",Passi,"San Fernando",Florida,Albania,637-118-216,413-026-069,"Wisozk and Sons",http://www.strosin.com/architecto-aut-consectetur-ullam-magnam.html,Chemist,green,2012-08-26,gerald.heller@daniel.net,o+W'Pcqy}wx$~
4906216e-3709-3d07-9c3c-eb04d2c5e393,Prof.,Hazel,Denesik,"41A/61 Satterfield Fords Apt. 854",Bais,Sagay,Missouri,Morocco,597-888-081,210-007-863,Nikolaus-Robel,http://towne.com/inventore-vel-omnis-dolor-suscipit-perferendis,"Human Resources Specialist",white,2014-12-21,malcolm.monahan@maggio.biz,|Gqhd*;::2
90f02ffa-311d-31ab-a410-3129b8403012,Mr.,Reta,Grant,"50/19 Gerlach Fork",Candon,Bacoor,Vermont,"Norfolk Island",017-115-966,497-027-498,"Rath, Kirlin and Cruickshank",http://www.lynch.com/earum-esse-aut-nesciunt-quasi-suscipit-iure-voluptatem.html,"Audio-Visual Collections Specialist",teal,1983-10-17,stark.kamren@jacobson.net,p^5$8sB[2~-PK/G6{
36f7e228-391e-3e6c-8280-244451b8464e,Prof.,Casey,Heathcote,"61A/34 Paucek Springs",Imus,Sipalay,"New York",Tanzania,013-320-704,881-628-198,Willms-Parker,http://www.thiel.biz/neque-ut-sint-laborum-fuga-minima-officia,"Gas Pumping Station Operator",fuchsia,1985-01-06,ajohns@braun.com,lg>4kq2[-.+F
4aa16fed-ec7b-3e56-9334-e5cdc72bf716,Miss,Jessika,Bernhard,"40A/23 Huel Via",Malabon,Tagum,California,Qatar,980-446-680,520-140-734,"Leffler, Brakus and Schmidt",https://friesen.com/architecto-et-magnam-mollitia-quia-officia.html,"Supervisor of Police",purple,2014-06-07,gbeatty@howell.com,"$k2CHyaj'H""`fktg"
d47bafb3-4320-393b-9b14-4c109378ef3f,Mr.,Amelia,Ryan,"52A Koelpin Camp Suite 999",Bago,Bayawan,Illinois,Luxembourg,181-507-864,184-874-570,Muller-Morissette,http://www.schamberger.biz/dicta-est-voluptas-commodi-ducimus-temporibus-amet.html,"Substance Abuse Social Worker",blue,2010-05-31,jerry.krajcik@moen.net,"{-hY[!rU:h`Ed\cx_dd"
601dfdae-2dfc-32a9-a3eb-e24c18fcd5b5,Miss,Zoey,Gaylord,"44 Crooks Station Apt. 071",Cabadbaran,Catbalogan,Wisconsin,Zambia,492-711-753,845-575-338,"Hoeger, Weissnat and Durgan",http://hane.com/sed-quos-unde-temporibus-qui,"Surgical Technologist",maroon,2003-11-18,labadie.florida@yahoo.com,9af.AOwK7'Q3
2fc46d9e-2969-3a91-850c-6f6fc8f58fce,Dr.,Reginald,Ledner,"26/73 Rippin Mills Apt. 922",Isabela,"San Jose del Monte",Florida,Lebanon,508-732-950,128-312-701,Howe-Kshlerin,https://www.schuppe.info/libero-quis-voluptatem-non-maiores,"Immigration Inspector OR Customs Inspector",teal,1983-03-10,west.tess@kilback.com,np)lr^
7d8af6d2-d55f-303f-8fc3-3696e1ce3dea,Prof.,Danyka,Waters,"64/95 Leffler Prairie",Sagay,Pasay,"South Carolina",Barbados,163-767-126,724-710-698,Friesen-Ruecker,http://www.flatley.com/vitae-eum-error-aut-illum-rem,Biophysicist,black,1994-07-11,zkulas@yahoo.com,"4&\p`fm@C5sYb"
363b71b0-23c0-3537-9bae-ae183b4a5393,Prof.,Ross,Kihn,"76/23 Stokes Summit",Bago,Muñoz,Oregon,Vanuatu,604-970-570,896-314-450,"Carroll Inc",https://price.com/beatae-quia-et-tempore-omnis-officia.html,"Floor Layer",yellow,2023-04-26,teresa.barton@hotmail.com,T5z{#&_H!+/|P-f2:g
e9d598b0-5f14-348a-9a35-b3bae6fec010,Prof.,Rachael,Sawayn,"71/46 Moore Wall Apt. 460",Tangub,Koronadal,Mississippi,Bermuda,547-206-587,476-201-643,Fadel-Heaney,http://hansen.com/sapiente-molestiae-quas-eos-qui-et-ratione-fuga.html,"Kindergarten Teacher",green,1996-12-26,domingo21@cremin.com,">DVe\{J`A"
120f723f-8169-3627-bb87-a30784e430fa,Ms.,Miller,Zboncak,"66/96 Parisian Spur",Meycauayan,Oroquieta,Tennessee,"Turks and Caicos Islands",398-938-337,383-867-522,"Ryan, Crist and Connelly",http://www.kub.org/,"Correspondence Clerk",silver,1974-06-29,yryan@gmail.com,"""QHpA|n~!"
aedfad2e-4341-3397-929d-5bbafcaf2f1d,Mr.,Skyla,Marvin,"65A/94 Beer Track Suite 404",Roxas,Candon,Georgia,Botswana,848-997-460,895-875-433,"Hoeger PLC",http://schaden.com/,"Surveying and Mapping Technician",purple,1975-07-06,reichel.jalyn@gmail.com,"wuW*p[""+"
076e677d-1931-35ab-bea1-3fcb0e6346a5,Prof.,Hoyt,Wisozk,"63 Russel Street","San Juan",Valencia,"New Hampshire",Malaysia,601-385-547,934-255-415,"Halvorson LLC",http://www.towne.com/laboriosam-fugit-saepe-beatae-eaque.html,"Command Control Center Specialist",blue,1992-08-01,alice.walter@yahoo.com,)PDG98f6Y_3ER]
f2bfc0ef-f469-3885-afa3-8fefb1d4d5c1,Mr.,Vallie,Cartwright,"88A Gislason Radial",Ilagan,Digos,Washington,Bahrain,474-456-816,363-444-306,"Sanford, Boyle and Jaskolski",http://mclaughlin.biz/,"Command Control Center Specialist",fuchsia,2008-10-28,wwyman@gmail.com,yfXi>ql.Z&iHF!#)Q
1fb494a4-d89f-3492-ac78-38384b41dca4,Ms.,Annie,Wolff,"10/23 Jaskolski Meadow","La Carlota",Marikina,"New Hampshire","Norfolk Island",140-504-524,901-327-113,"Rau PLC",http://www.ledner.info/,"General Manager",yellow,2018-11-17,eweimann@gmail.com,"ee\]{pY!RiP*"
30ee822a-99be-383c-bb8e-1657cf8c179a,Dr.,Olin,Nikolaus,"28 Yost Mission",Bacoor,Malaybalay,"District of Columbia","French Polynesia",883-408-670,812-649-020,"Reichel, Reichert and Ortiz",http://jaskolski.com/,"Metal Fabricator",olive,2023-11-25,amanda.wiza@yahoo.com,tHQh=aPW)>--`
eaeb5e60-f654-341c-a0a7-aba634c0fd16,Dr.,Geovanny,Zemlak,"00A/82 Klein Mountain","Tarlac City",Tanauan,Oklahoma,"Cocos (Keeling) Islands",898-061-889,835-964-283,"Rowe, Hintz and Nitzsche",http://www.bednar.com/sed-iure-eaque-nisi,"Fiber Product Cutting Machine Operator",lime,1994-05-31,zfunk@mraz.org,t~;'2QuCnn
aecc2ac0-54b4-36e3-a6fc-810fe9223d53,Dr.,Celestine,Welch,"54A/80 Goldner Manors",Cauayan,Laoag,"New York",Germany,955-502-582,061-757-385,Robel-Hill,http://www.abbott.org/,"Surveying and Mapping Technician",aqua,2005-01-11,william09@gmail.com,N7rd`g!rsE
d441f853-1478-34a1-b440-1e7ce233ad71,Ms.,Alexandrea,Heller,"96/52 O'Reilly Valley",Dipolog,Kabankalan,Maine,Andorra,308-139-527,431-972-986,"Fritsch, Kautzer and Morar",https://www.gulgowski.com/velit-quo-voluptas-ut-quos,"Skin Care Specialist",black,2012-08-27,dschulist@goodwin.com,"wc,KeP"
c8afcbee-01a3-35f4-8234-ab8b82e58b01,Miss,Itzel,Bode,"69A/43 Moen Course Apt. 817",Borongan,Caloocan,Alaska,Belgium,544-233-375,962-951-429,Will-Wunsch,http://www.kiehn.com/aut-ipsa-et-est-totam-deserunt-quisquam-qui.html,"Rehabilitation Counselor",black,1999-09-22,elmira42@considine.net,"<""H)M)E-.%"
9d20d672-3ce3-3074-a82e-76253e78acfa,Prof.,Marisa,Wuckert,"77A Heller Expressway",Muñoz,Tagaytay,"North Dakota",Lebanon,250-639-212,002-838-564,"Bahringer, Kuhlman and Collier",http://watsica.com/sequi-quibusdam-ducimus-aut-ut-nam.html,"Postal Service Clerk",black,1989-11-18,uklein@damore.com,G_.m?qU
53fc70eb-07b9-3356-96f9-d5d66e138fd9,Mrs.,Carey,O'Conner,"92 Eichmann Junction",Roxas,Tabuk,Ohio,Botswana,510-426-531,170-018-814,"Beatty Inc",https://block.info/nihil-tempore-repellendus-aut-distinctio-maxime-molestiae-suscipit.html,"Sales and Related Workers",aqua,2000-12-28,sydnie01@cummings.com,nN.o_:
b0888742-98d3-31bb-944b-e42e0e3e320d,Mrs.,Deja,Legros,"62A Connelly Stravenue Suite 718",Taguig,Balanga,"New Hampshire",Guadeloupe,437-881-738,308-087-318,"Steuber PLC",http://www.cronin.com/rerum-voluptatum-officiis-ipsa-eum-nam,"Record Clerk",maroon,1995-02-26,russ.flatley@schaefer.com,~'BT|0!vFI=Q6O
ea6ebda4-12de-3908-bbd9-28ba7f27eb92,Ms.,Orlando,Lynch,"19A Lockman Streets",Ilagan,Sipalay,Arkansas,Cameroon,804-432-126,210-511-383,"Zboncak, Lind and Prohaska",http://www.gorczany.com/eos-ut-aliquam-ea-harum-id,Welder,white,1981-02-01,arnold36@goodwin.biz,3_mM_/MJwbWJ
7e1c68ff-d1c7-35eb-a29e-c0211fd075c3,Prof.,Malcolm,Thompson,"86A Kessler Lakes Apt. 926",Tagum,Manila,Wisconsin,Moldova,699-009-770,017-288-271,"Funk, Orn and Herman",http://www.cremin.com/eum-veritatis-adipisci-illum-labore-numquam-ut-inventore-labore,"Restaurant Cook",maroon,1986-10-02,myrtis.rogahn@graham.com,4i{UivB6~
7b1faeaf-63f8-3376-b24a-915d3bd8b661,Mr.,Emil,Kertzmann,"03A/18 Lang Ford Apt. 361",Caloocan,Lipa,Maine,Panama,978-279-142,763-787-553,"Kovacek Group",http://hermann.com/voluptatem-autem-aut-recusandae-magnam,"Rail Car Repairer",white,1994-10-22,brooklyn.corkery@connelly.net,]hJ4SK
ee52b047-539c-3285-b6fe-eb5d0d9ec0d0,Prof.,Freddie,Labadie,"57/94 Swift Falls Apt. 823",Malabon,Ligao,Oklahoma,"Western Sahara",374-753-770,715-019-652,"McDermott Group",http://thiel.com/incidunt-et-debitis-autem-eos-facilis-qui-omnis-consequuntur,"Painting Machine Operator",purple,1997-03-28,clueilwitz@larkin.info,e82wS$IN9h6s?rf}pn
d9818f72-d772-36ed-b48c-e896c94b015e,Ms.,Jevon,Pollich,"72 Corkery Forks",Koronadal,Parañaque,Connecticut,"French Polynesia",276-542-261,543-718-030,"Breitenberg LLC",http://www.johnston.biz/molestiae-nisi-placeat-tempore-molestias,"Recyclable Material Collector",silver,1998-05-22,rhea87@yahoo.com,"c%H?dWHV=|!tJtUn,2)"
a0ddb1d7-0e46-32f0-8c7c-7bf420a36a72,Miss,Kristofer,Conn,"73/89 Thompson Club",Oroquieta,Palayan,Iowa,"Cape Verde",400-781-133,131-546-682,"Stamm PLC",https://lueilwitz.com/quam-nihil-dolor-aut-minus-quibusdam-eum.html,"Petroleum Pump System Operator",gray,1970-04-29,albertha19@abshire.biz,he{]_9]}
0d65c6d2-aa96-3a8e-887b-cc379cb9e9a8,Ms.,Dorothy,Rolfson,"76 Schowalter Alley",Tabaco,Ormoc,Iowa,Netherlands,241-097-683,762-596-800,Rowe-Hirthe,http://www.hansen.com/aut-esse-veritatis-tempora-occaecati,Inspector,yellow,2005-08-06,xkoss@farrell.com,:[e=ydN`8T
9ce0f3f9-cb20-3aaa-bffd-0fb483574fb1,Dr.,Earnestine,McKenzie,"34A/57 Schumm Via","San Juan",Olongapo,"Rhode Island","Wallis and Futuna",301-070-033,919-580-256,Pollich-Franecki,http://www.wiegand.com/adipisci-harum-reprehenderit-praesentium-aspernatur-rerum-rem-molestias,"Product Safety Engineer",lime,1986-06-01,amina05@conroy.com,",=K28;aUl@fl!6]"
b228b9b5-c6e8-35fa-8626-c87dc2f09324,Prof.,Jakob,O'Hara,"08A Spinka Stream",Ormoc,Cauayan,Ohio,Guinea-Bissau,607-972-725,074-692-999,Adams-Thiel,https://www.frami.info/porro-veniam-beatae-consectetur-sit-quae-rem-maxime,"Pest Control Worker",purple,1980-09-03,caesar.streich@kunze.net,"3im""xIoQ7{d"
60081b89-0560-3473-8949-496d4e78e3e0,Dr.,Janis,Rosenbaum,"96 Batz Turnpike Apt. 132",Palayan,Passi,Idaho,"South Georgia and the South Sandwich Islands",843-087-207,923-475-057,Abshire-Schmitt,https://ruecker.biz/et-temporibus-dolores-ad-et-suscipit-quos.html,"Retail Sales person",green,1986-01-20,federico.gaylord@padberg.com,"F&Fo""!63HL"
2701582b-10e0-3967-9d9b-a334e93a12c2,Mr.,Sherwood,Steuber,"16/20 Johns Skyway Apt. 073",Pagadian,Cauayan,California,"Equatorial Guinea",021-033-675,504-044-937,Huels-Barton,http://pfeffer.com/,"Computer Operator",white,1985-09-10,kiarra43@kovacek.com,Q'fZCf@
2494f04d-084f-3c97-aac6-454bfbb291b2,Dr.,Jesse,Walker,"10 Hayes Cape",Baybay,Mandaluyong,Wisconsin,Poland,051-309-538,030-534-394,"Reichel and Sons",http://www.kertzmann.com/quis-reiciendis-architecto-quo,"Aircraft Assembler",black,2009-10-02,emmie.rolfson@rippin.net,=r&b<i=TXz
8d4ddfcd-9603-3428-b295-7ff7fd5a14a8,Miss,Lexi,Runte,"56A Treutel Hill",Manila,Tandag,Georgia,"Turks and Caicos Islands",487-518-322,428-669-248,"Krajcik, DuBuque and Gutkowski",http://hettinger.com/error-omnis-eos-est-veniam-quia-voluptatem-libero,"Graphic Designer",lime,1987-01-20,abernathy.ismael@hotmail.com,"?d+YX;,PK[z2`FU"
e47898f6-e783-3fa8-8a5d-deb49179bdbf,Dr.,Bethany,Marvin,"03A/22 Streich Crescent Apt. 376",Cabanatuan,Himamaylan,Hawaii,Burundi,265-170-741,586-770-182,"Rowe, Armstrong and Robel",http://schulist.com/,"User Experience Researcher",maroon,1995-09-01,mondricka@prohaska.com,yYl)~GL
493343a2-5817-389e-ac19-83e6cb777d24,Prof.,Garrick,O'Connell,"43A Hauck Glens Apt. 662",Vigan,Muñoz,Georgia,Panama,087-616-062,528-230-734,"McKenzie, Frami and Kautzer",http://www.runolfsdottir.com/earum-commodi-laboriosam-omnis-quia-eaque-fugiat-in-deleniti.html,"Hand Sewer",blue,2000-09-03,ariane.jacobson@yahoo.com,e[rMUN
862a2503-5434-36e7-bd73-8feba9e756bc,Prof.,Janis,Schumm,"13 Harvey Plains",Gingoog,Parañaque,Missouri,Netherlands,240-630-837,089-938-170,Wisozk-Heller,http://erdman.biz/,"Motor Vehicle Inspector",silver,2016-03-08,jarod94@hotmail.com,MY{G{D[27xeYHXbz.
73d48b65-e133-324b-8055-b02cd91fe6db,Prof.,Emiliano,Reichert,"19 Simonis Pine Apt. 397","San Carlos","Cavite City","New Jersey","Western Sahara",600-436-875,403-878-415,"Lebsack and Sons",http://www.kiehn.com/,"Interaction Designer",purple,2017-01-05,otis.treutel@reinger.biz,"TyS\:cz`fPCFX"
3effa612-d763-30f4-8e57-e29358dfb016,Prof.,Zetta,Howell,"25 Robel Dam Apt. 648",Samal,Imus,Minnesota,Algeria,812-450-844,692-994-366,Flatley-D'Amore,http://www.howe.biz/,Welder,teal,2018-04-08,brant.hamill@yahoo.com,"N\1Sg>0?+gr+<]3D"
e0a4601f-d010-352c-854c-4d9bf87eb06e,Ms.,Nora,Boyer,"04A Bernier Corners",Palayan,Olongapo,Florida,Myanmar,045-690-829,769-346-885,"Batz, Fadel and Runte",http://www.rath.net/fugit-aut-laborum-quas-ex-nihil-vitae,Archeologist,olive,1996-07-13,rau.lavern@yahoo.com,eJIw+_
b2b4e749-d002-3002-8531-f0c4e1a8ce0d,Mr.,Junior,Kirlin,"88 Wunsch Wells Apt. 349",Baguio,Dasmariñas,Kansas,Switzerland,720-037-447,906-780-141,"O'Reilly PLC",http://www.yost.com/,"Insurance Sales Agent",teal,1991-09-04,jade13@bode.com,"gFVfp|A#\"
20069196-448b-3adf-9e66-1424837fa968,Dr.,Torey,Morissette,"21 Johnston Ways",Canlaon,Talisay,Colorado,Indonesia,451-694-959,752-928-835,Romaguera-Pagac,http://www.koepp.com/,"Irradiated-Fuel Handler",aqua,2018-01-11,phamill@yahoo.com,:`r{~Y)
a7bc8b8d-3a5c-312f-a542-fd5b045be6da,Mr.,Moriah,Armstrong,"74A Roberts Vista",Ozamiz,Iligan,Mississippi,Zambia,337-319-386,915-596-684,"Mann, Larson and Hilpert",https://www.wisoky.org/eos-repudiandae-corrupti-quod-qui-qui,"Social Service Specialists",purple,1975-04-29,williamson.abdiel@zboncak.com,<9UGHvc7
e48f00b1-8970-3a3e-89d4-c0828ba8b318,Prof.,Courtney,Ferry,"40/41 Schultz Estates Apt. 751",Tangub,Marawi,Colorado,"Antigua and Barbuda",243-866-696,020-586-205,"Pfeffer, Gutkowski and Funk",https://www.hansen.org/earum-qui-nobis-exercitationem-ut-excepturi-accusamus-corrupti-provident,"Mapping Technician",purple,1992-06-04,pbeahan@gmail.com,"MW9kJH+0P/,}3YM*$Ar"
04e260c6-d7ff-3fb9-ac10-17f17b805a82,Miss,Zander,Rath,"08A Lesch Turnpike",Mabalacat,Borongan,Michigan,"Bosnia and Herzegovina",120-127-249,607-628-981,"Sanford, Johnson and Borer",http://mills.com/qui-qui-est-sint-sint-ex.html,"Machine Feeder",lime,2012-10-14,vincenza18@johnson.com,"."")9RA..,#PR6"
c0f408b4-c920-3625-a412-d4c416daa0f5,Prof.,Derrick,Gerlach,"26 Torphy Walks Suite 182",Gingoog,Antipolo,Pennsylvania,Grenada,368-537-847,691-690-977,Langosh-Little,http://www.keeling.com/nulla-modi-quo-quia-et-animi,Detective,purple,2014-02-20,hartmann.zetta@dach.com,"S|q+^u,q(5x&_+du}/n"
334a705a-dbd7-3d58-bc96-472a95ea757a,Dr.,Gudrun,Mertz,"30 Schowalter Orchard Apt. 653",Tangub,Cabanatuan,Arizona,Malta,909-411-469,364-387-252,Hartmann-Klocko,http://zboncak.info/,"Industrial Equipment Maintenance",lime,2013-01-21,nmacejkovic@hotmail.com,m0B4fa(_1ii
8c93a70f-bde1-3591-931f-defa1455929b,Mr.,Marilie,Raynor,"81A/78 Kling Forest Suite 322",Antipolo,Naga,Idaho,"Heard Island and McDonald Islands",685-206-977,082-654-235,Wolf-Parker,http://reinger.net/hic-ut-quidem-eius-ipsum-quo-fugiat-magnam-nihil,Composer,teal,2004-10-29,earnestine.braun@ebert.com,WSiz3_7kRZ+bp'
9340a8c8-98f0-3502-b05e-db80ed177dbe,Dr.,Lawrence,Hudson,"44A Dickinson Place",Bayugan,Gapan,Texas,Guadeloupe,385-848-352,960-540-672,"Moen, Swaniawski and Medhurst",http://morissette.com/harum-hic-voluptatem-ratione-eius-qui-aliquid,"Elevator Installer and Repairer",gray,2015-08-05,bsipes@beahan.com,"""9,&MB""?D\lE.<bq%.D"
99f21775-e96d-35e8-82db-a3c55a699e3d,Ms.,Bertrand,Mohr,"04A/75 Morar Drive Suite 298",Cabadbaran,Alaminos,Alaska,"Cote d'Ivoire",269-645-778,344-036-132,"Armstrong, Smitham and Mayer",http://dach.com/est-harum-illum-esse-sed-ut-ipsa-eaque-tempora,"Hunter and Trapper",gray,2001-07-31,lkutch@gmail.com,L'wB.qiXv)o'2
1ba03e6b-1125-3f60-927a-057e5de6a813,Miss,Turner,Kub,"38/70 McCullough Meadows",Bogo,"Surigao City",Tennessee,Anguilla,406-150-624,105-747-752,"Blick, Hermann and Ortiz",https://koch.com/voluptates-minus-eos-dolores-qui-consequuntur-cumque.html,"Pastry Chef",purple,1981-11-20,labadie.rae@gmail.com,"/s:jegYQjp=b>tfC6\t9"
3a26d9e2-6a8c-3dd5-b885-56271ea53b04,Dr.,Edwin,Strosin,"15/23 McDermott Oval","Cebu City",Digos,"New Jersey",Cuba,824-102-236,032-636-465,Gerlach-Gorczany,https://mcclure.biz/rerum-et-est-voluptatem-temporibus-ab-et.html,Captain,black,1995-01-22,isidro08@cummerata.info,t%0'Pw/'0}p=
29269da2-5f9e-3c11-a323-d68448781a9c,Miss,Sylvan,Runolfsson,"22/92 Jones Summit",Balanga,Bago,Washington,Poland,797-700-870,047-729-243,Waters-Donnelly,http://www.fahey.com/quia-ut-asperiores-nobis-deserunt-ipsam,Engineering,gray,1977-02-20,skiles.kallie@yahoo.com,h+wYnzk
757a1d98-5eec-3477-87c0-91aecb3f0330,Mrs.,Millie,Russel,"66 Lubowitz Pass Apt. 958","Cebu City",Danao,Ohio,Jersey,856-841-271,308-184-311,"Hagenes Ltd",https://hammes.com/quia-esse-tenetur-facere-eius-sint.html,Manicurists,purple,1991-02-12,ppfeffer@gmail.com,v)=?[H|iY.
cd895eac-e9a0-3d01-ad53-363da973410d,Prof.,Tre,Turner,"68/84 Beatty Villages Suite 567",Tangub,Baguio,Kansas,Malaysia,653-094-604,363-310-313,"Lockman LLC",http://www.zieme.com/deserunt-dolores-facere-et-ea-dignissimos-omnis-itaque.html,"Logging Supervisor",black,2009-06-21,adriel24@oconnell.info,"5sG""K:{Z+(ei"
2801deb4-4ed8-3f3c-bb13-d2f9eaa58011,Mrs.,Duane,Beer,"18 Volkman Views",Taguig,Bacoor,Arizona,"Antigua and Barbuda",024-716-212,590-856-885,"Labadie, Wilderman and Russel",http://jacobson.com/architecto-fuga-exercitationem-ea-fugit-omnis,"Sociology Teacher",blue,2022-08-30,yrosenbaum@hotmail.com,1!^XbqWrX}jM#1WK
fb81ccc2-bd57-3eb0-a833-8649d1a1bf11,Dr.,Elinor,Pfannerstill,"35/65 Cartwright Skyway",Marikina,Himamaylan,"West Virginia",Philippines,843-370-348,220-632-910,Bernhard-Ledner,http://rutherford.net/,"Animal Control Worker",olive,1973-09-13,fwisoky@gmail.com,BFVj=7sT.WSlR=tj$QG
66150e3b-75a7-33f5-8260-8dd9bf288769,Mr.,Nathaniel,Haley,"71/19 Dietrich Route Suite 487",Malabon,"Cotabato City",Delaware,"Heard Island and McDonald Islands",203-738-339,175-264-445,Boehm-Hegmann,http://www.walsh.org/sint-nobis-veritatis-qui,"Metal Worker",fuchsia,1975-01-10,bessie.barton@greenfelder.info,"zYAYln;)U*0`6,47wXX"
20bfb3a2-f19a-3891-b32b-976ed97d34f0,Dr.,Lavina,Kilback,"15A Mante Lake",Silay,Panabo,Wyoming,"Puerto Rico",343-714-418,961-991-009,"Towne Group",http://runolfsson.com/unde-dolores-dolorem-non-reiciendis-in-vel,Stevedore,fuchsia,1990-12-29,daniella70@hotmail.com,"iCjPi-Iw<A4Zeh#l5,"
8594e282-41ad-35d5-9c9a-56358f6f1d60,Mr.,Michaela,Vandervort,"08A/24 McKenzie Port Suite 747",Borongan,Antipolo,Arizona,Netherlands,089-267-048,225-910-679,"Tromp, Roob and Smitham",http://lebsack.biz/velit-harum-deleniti-voluptatem-explicabo-quibusdam-expedita.html,"Protective Service Worker",yellow,2023-11-16,bauch.nayeli@yost.biz,RWMB$ld%r%@ngi>_
0bed94b4-1216-3a2b-a356-3ae3714b349e,Mr.,Miracle,Gerhold,"87/76 Botsford Crossing",Palayan,Tabuk,Hawaii,Senegal,637-291-395,839-613-992,Wolf-Lehner,http://heathcote.org/,"Lodging Manager",navy,1989-01-25,qtillman@yahoo.com,x!NR.>
b98ea25c-75e6-3eee-a84e-73e23c7c5135,Prof.,Damaris,Hessel,"14A Reichert Courts Apt. 253",Bacolod,Tanjay,"South Dakota",Cuba,016-966-809,883-283-702,Mayer-Romaguera,https://www.littel.org/ipsa-rerum-et-id,"Fiber Product Cutting Machine Operator",yellow,1981-12-28,bashirian.dallas@gmail.com,acp$jw_V
8e37a4ab-2703-3aac-b69d-6e32be95ab2a,Prof.,Jovanny,Larkin,"66/51 Quitzon Meadows Suite 416","San Fernando",Legazpi,"West Virginia",Spain,798-562-478,929-438-876,Lockman-Kautzer,https://www.steuber.org/voluptatem-incidunt-ut-unde-tempore-eum-placeat-id,"Commercial Diver",maroon,1975-05-21,keara20@ratke.com,%-.w@~28x@%k12uGI=
19257d50-5d35-3b44-adb1-cd3fbd47efb1,Mr.,Robbie,Jenkins,"62A/96 White Ranch Suite 243",Vigan,Parañaque,Indiana,Monaco,606-273-071,743-053-594,Rosenbaum-Moore,http://www.emard.net/minima-minus-praesentium-fuga-est-excepturi-asperiores,"Forest Fire Inspector",yellow,1993-05-13,rkris@mcglynn.net,a@GA0|}z~T
